country_code,country_name,electricity_access,internet_users,gdp_per_capita,maternal_mortality,health_spend_pct_gdp,unemployment,infant_mortality,life_expectancy,pop_growth,urban_pop_pct,year
AGO,Angola,24.2,0.105045562462262,563.733795571487,659.0,1.68525279,16.646,108.3,46.501,3.31228746945312,50.5070653484197,2000
AGO,Angola,20.0,0.136013867429868,533.586202412447,629.0,3.95882654,16.668,103.8,47.032,3.35370941359163,51.7224790407329,2001
AGO,Angola,26.3,0.270376745595134,999.065855956628,602.0,2.9398222,16.432,98.4,47.874,3.40747615681454,52.8926234794038,2002
AGO,Angola,27.4,0.370682065225727,1133.66331960414,538.0,3.10680342,16.445,92.5,50.218,3.49334277776736,54.0043545370761,2003
AGO,Angola,28.4,0.464814617985909,1451.47117870872,499.0,3.46084046,16.313,85.8,51.123,3.59445752400652,55.0445280863936,2004
AGO,Angola,29.4,1.143399954,2145.88621098663,462.0,2.54726577,16.295,78.9,52.13,3.64626893356444,56.0,2005
AGO,Angola,30.5,1.5,2930.44428606516,437.0,2.39833426,16.123,72.2,52.965,3.68489201610335,56.8939032662772,2006
AGO,Angola,37.5,1.700000048,3515.05678985496,401.0,2.65790844,16.066,66.0,54.2,3.74258021023639,57.7564632930133,2007
AGO,Angola,38.5,1.899999976,4578.15526451058,372.0,2.97807598,16.152,60.3,55.281,3.77828976645524,58.5851745819614,2008
AGO,Angola,33.8,2.299999952,3645.14846565169,348.0,3.30655909,16.383,55.4,56.225,3.80156187494836,59.3775316348744,2009
AGO,Angola,35.0,2.799999952,4101.63715564669,321.0,2.36373854,16.595,51.1,57.242,3.85109824897149,60.1310289535053,2010
AGO,Angola,34.6,4.699999809,5184.15269151846,301.0,2.35561895,16.77,47.6,58.093,3.8879459971363,60.8431610396073,2011
AGO,Angola,37.3,7.699999809,5702.45306277434,278.0,2.13677311,16.539,44.6,58.916,3.88358355528674,61.5114223949332,2012
AGO,Angola,38.4,13.0,5688.57916213471,267.0,2.4297719,16.464,42.2,59.705,3.84998068971631,62.1333075212361,2013
AGO,Angola,32.0,21.3623407584103,5649.68762467535,262.0,2.15680027,16.372,40.3,60.396,3.73272806660513,62.723115793241,2014
AGO,Angola,42.0,22.0,3641.72893920253,249.0,2.29966879,16.472,38.8,61.042,3.60507162233632,63.51567832685,2015
AGO,Angola,41.8,23.20000076,2082.37343594705,236.0,2.39068723,16.572,37.6,61.619,3.57644143982026,64.2992302517989,2016
AGO,Angola,42.9,26.0,2832.14997950512,220.0,2.4379425,16.617,36.7,62.122,3.54061221486272,65.0850525086068,2017
AGO,Angola,45.3,29.0,2891.83032378747,208.0,2.29887486,16.602,36.0,62.622,3.45323300897802,65.8732136723372,2018
AGO,Angola,45.6,32.12939835,2507.86807213642,202.0,2.20394278,16.497,35.5,63.051,3.38788422184303,66.6637823180533,2019
AGO,Angola,47.0,33.32089996,1749.1794838482,195.0,2.81688905,16.696,34.9,63.116,3.26795864914978,67.4568270208187,2020
AGO,Angola,48.2,34.55649948,2266.96834861584,211.0,2.73987103,15.799,34.4,62.958,3.18132259995095,68.2524163556969,2021
AGO,Angola,48.5,35.83800125,3598.53669077341,185.0,2.60041046,14.124,33.7,64.246,3.14302612044601,69.0506188977513,2022
AGO,Angola,51.1,37.88589859,2885.51349130806,183.0,2.54692864,14.051,33.0,64.617,3.08065530722915,69.8515032220457,2023
BDI,Burundi,2.5,0.077248447383456,134.537861752389,860.0,4.22181606,3.137,88.4,47.617,2.07761630416467,8.04381449833197,2000
BDI,Burundi,2.8,0.106001245363203,132.159554541932,799.0,5.68180418,3.154,86.1,48.509,2.50568660000274,8.24107308668089,2001
BDI,Burundi,3.1,0.118228412267794,120.952308575468,743.0,5.34983587,3.168,83.5,49.924,2.82021948884885,8.45108277415092,2002
BDI,Burundi,3.4,0.201273196735924,111.406682804391,705.0,5.27245188,3.145,80.6,50.997,3.15909277106132,8.67614339385788,2003
BDI,Burundi,3.7,0.349060461879596,125.194965184533,687.0,7.09572744,3.177,77.4,52.217,3.72769286109058,8.9185547789176,2004
BDI,Burundi,3.2,0.542100012,147.234619294225,685.0,7.56016588,3.162,73.8,53.053,3.71426552783148,9.1806167624459,2005
BDI,Burundi,2.7,0.657599986,161.892755640319,670.0,8.71264839,3.185,69.9,53.962,3.6016417629351,9.4646291775586,2006
BDI,Burundi,4.7,0.7,166.162744906755,655.0,9.1855402,2.404,66.0,54.832,3.69817167466282,9.77289185737152,2007
BDI,Burundi,4.8,0.81,189.502074570768,635.0,7.74147511,1.634,62.1,55.581,4.12553206908571,10.1064353383035,2008
BDI,Burundi,5.4,0.899999976,198.431524048225,612.0,9.23238468,1.622,58.4,56.422,5.06613607694958,10.4979900434482,2009
BDI,Burundi,5.3,1.0,216.727705301976,614.0,11.28196716,1.615,55.1,57.088,4.68101057302388,10.9843097335487,2010
BDI,Burundi,6.2,1.110000014,230.069761381132,597.0,10.06996346,1.602,52.0,57.804,3.57769854786004,11.5616652230006,2011
BDI,Burundi,6.5,1.220000029,231.098787811507,575.0,8.63756466,1.593,49.1,58.501,3.56852147814432,12.2244596804615,2012
BDI,Burundi,6.9,1.2642181112,234.844770150871,555.0,8.62834644,1.584,46.4,59.179,3.59186709345175,12.9670962745892,2013
BDI,Burundi,7.0,1.04239212643994,250.544492155185,533.0,7.21081543,1.572,43.9,59.764,3.39447686677984,13.7839781740413,2014
BDI,Burundi,7.9,2.0,254.402585226788,525.0,6.29044485,1.449,41.8,60.107,2.26851729292704,14.6695085474754,2015
BDI,Burundi,8.5,2.200000048,232.937812100153,501.0,7.06148243,1.352,40.0,60.789,1.72186004024144,15.6180905635494,2016
BDI,Burundi,9.3,2.6607485347534,246.060725714184,482.0,6.95230389,1.25,38.4,61.345,2.35048627086438,16.6241273909209,2017
BDI,Burundi,9.5,4.019499779,245.661678332009,464.0,7.29396152,1.147,37.0,61.806,3.01898182778662,17.6820221982475,2018
BDI,Burundi,9.8,6.072199821,234.31061590725,449.0,9.05940628,1.043,35.7,62.18,3.28367531420808,18.786178154187,2019
BDI,Burundi,9.1,6.430099964,252.702452750006,441.0,10.70776176,1.03,34.6,62.569,2.9086530249822,19.9309984273971,2020
BDI,Burundi,10.2,6.777999878,264.172844085398,447.0,8.94190311,1.118,33.5,62.101,2.72425539520386,21.1108861865354,2021
BDI,Burundi,10.3,7.144800186,301.832255755105,412.0,8.6687746,0.909,32.4,62.882,2.70585008916716,22.3202446002597,2022
BDI,Burundi,11.6,7.172299862,249.795164039029,392.0,9.09471226,0.911,31.4,63.651,2.72764441044431,23.5534768372276,2023
BEN,Benin,21.5,0.225247851473369,487.424141384242,529.0,2.9591713,0.864,79.7,56.594,3.07665265205002,38.2759517258875,2000
BEN,Benin,21.9,0.363417890016082,492.401499509072,532.0,3.30417323,0.766,77.8,56.654,3.05435506649292,38.6186257669218,2001
BEN,Benin,23.4,0.7029455951039,546.463829658159,534.0,3.09589195,0.69,76.0,56.851,3.04010801597376,39.0035069872981,2002
BEN,Benin,24.3,0.951327114915695,676.002878084282,532.0,3.11678505,0.747,74.3,57.092,3.04920259714654,39.4169696013044,2003
BEN,Benin,25.2,1.18254096518994,758.695803786371,531.0,3.23273873,0.79,72.6,57.346,3.06173106096489,39.8525699078742,2004
BEN,Benin,26.1,1.271000028,779.437777753268,514.0,3.22345805,0.859,71.0,57.738,3.22061199704122,40.3097749006517,2005
BEN,Benin,27.9,1.537899971,809.147072506221,509.0,3.28773856,0.888,69.4,57.966,3.12066888297415,40.7877794072449,2006
BEN,Benin,28.0,1.79,912.338247188342,501.0,2.93715644,0.902,67.9,58.249,2.95509554727715,41.2857782552618,2007
BEN,Benin,29.0,1.85,1060.60254502099,563.0,2.65178108,0.895,66.5,58.099,3.01959398464251,41.8029662723105,2008
BEN,Benin,30.0,2.24,1024.10277858112,598.0,2.89953876,0.95,65.1,58.258,2.99903642214246,42.338538285999,2009
BEN,Benin,34.2,3.13,973.244254931526,607.0,3.01848245,1.04,63.8,58.387,2.98424162798508,42.8916891239353,2010
BEN,Benin,36.9,4.14832306562512,1059.41358852588,613.0,2.99865556,2.647,62.4,58.462,2.97782202797765,43.4616136137276,2011
BEN,Benin,38.4,4.5,1071.5258366283,618.0,3.07562971,2.458,61.1,58.559,2.96766540040992,44.0475065829838,2012
BEN,Benin,34.7,4.900000095,1168.92699279226,607.0,2.86880755,2.198,59.8,58.863,2.94885160135819,44.6502883669319,2013
BEN,Benin,34.1,6.0,1204.39918670094,605.0,2.69111967,1.952,58.4,59.008,2.9550187594558,45.2880529235999,2014
BEN,Benin,29.6,11.25500011,1002.41886879614,606.0,2.72813416,1.886,57.0,59.123,2.95391627666724,45.9407403257663,2015
BEN,Benin,37.0,14.5,1010.5338961993,604.0,3.62042856,1.834,55.8,59.283,2.92460216679542,46.6094559006664,2016
BEN,Benin,34.5,18.7,1054.97408066814,592.0,3.67389345,1.691,54.4,59.528,2.88117869411855,47.2942774880391,2017
BEN,Benin,39.0,19.0,1151.7409703472,585.0,3.4364984,1.426,53.1,59.71,2.8136418840483,47.9952829275963,2018
BEN,Benin,40.0,20.50099945,1130.82135339795,572.0,3.00206876,1.214,51.8,59.888,2.73538842831436,48.7125500590248,2019
BEN,Benin,41.0,22.12059975,1200.19426557789,578.0,3.0512166,1.518,50.4,60.154,2.66259875153288,49.4461567219896,2020
BEN,Benin,42.0,28.20470047,1318.65158075198,584.0,2.91589761,1.833,49.1,59.61,2.59230167510348,50.1961807561354,2021
BEN,Benin,56.5,30.53730011,1266.42711031904,547.0,2.98184395,1.685,47.8,60.475,2.54740926342667,50.9627000010887,2022
BEN,Benin,57.0,32.39400101,1394.17784721831,518.0,3.33732462,1.641,46.5,60.774,2.52274772277722,51.7457922964593,2023
BFA,Burkina Faso,9.1,0.0770801689426014,248.908526921752,524.0,4.0211668,2.687,92.4,50.808,2.98414422391968,18.0003503329444,2000
BFA,Burkina Faso,9.5,0.157732464653607,259.485223380436,513.0,3.95983911,2.748,90.4,51.188,3.05099351122556,18.8591452143893,2001
BFA,Burkina Faso,9.9,0.200992597925001,285.654087637533,508.0,4.17985535,2.862,88.2,51.447,3.09039308299234,19.725053583448,2002
BFA,Burkina Faso,11.4,0.373440303233526,362.373899996953,495.0,4.42266035,2.78,85.8,51.959,3.11812174449527,20.563327262892,2003
BFA,Burkina Faso,10.7,0.400295285492178,403.81283743461,481.0,5.23083639,3.48,83.1,52.6,3.14512608695879,21.3392180754924,2004
BFA,Burkina Faso,11.1,0.469900012,441.164148016012,467.0,4.83784914,4.0,80.2,53.271,3.14680149143287,22.0179778440204,2005
BFA,Burkina Faso,11.6,0.632700026,455.513655620024,463.0,5.17043304,3.67,77.1,53.784,3.12034537509581,22.5528306908743,2006
BFA,Burkina Faso,12.0,0.75,514.684451177238,453.0,5.77535009,3.3,74.1,54.377,3.03277637197036,22.9741760828193,2007
BFA,Burkina Faso,12.5,0.920000017,619.437533256264,429.0,4.96721601,3.501,71.2,55.199,2.93816522811728,23.3633747838557,2008
BFA,Burkina Faso,12.6,1.129999995,601.569520671859,419.0,5.19683933,3.723,68.5,55.791,2.91916025918168,23.7452325601116,2009
BFA,Burkina Faso,13.1,2.400000095,624.957252224766,404.0,5.28967237,3.725,66.0,56.343,2.92577947499021,24.115092498158,2010
BFA,Burkina Faso,14.8,3.0,725.024767725475,388.0,4.64868164,3.827,63.8,57.001,2.95657078370668,24.4682976845657,2011
BFA,Burkina Faso,15.1,3.724999905,731.470138867833,376.0,4.60267258,3.849,61.7,57.457,3.0171707485343,24.8001912059054,2012
BFA,Burkina Faso,15.4,5.0,759.762065168498,361.0,5.56331587,4.054,59.8,57.903,3.00083639274971,25.106116148748,2013
BFA,Burkina Faso,19.2,6.0,764.861675106225,344.0,5.00027227,4.255,58.0,58.331,2.9733794200807,25.3814155996643,2014
BFA,Burkina Faso,16.2,6.545700073,630.124750752312,328.0,5.13192415,4.472,56.3,58.778,2.96196306547686,25.621432645225,2015
BFA,Burkina Faso,16.6,7.140999794,663.742364842886,313.0,5.95284653,4.598,54.7,59.173,2.92508251378454,25.821510372001,2016
BFA,Burkina Faso,17.0,7.790400028,709.091535894695,298.0,6.12075186,4.662,53.1,59.578,2.85291595529266,25.9769918665632,2017
BFA,Burkina Faso,14.4,8.498900414,777.465618514048,286.0,4.94427681,4.695,51.7,59.972,2.69713675384815,26.0832202154822,2018
BFA,Burkina Faso,17.6,9.27180600953186,764.853077774946,274.0,5.35001135,4.493,50.2,60.184,2.52989803984158,26.1187254401157,2019
BFA,Burkina Faso,18.5,12.97319984,825.237038782475,334.0,6.89469957,4.59,48.7,60.454,2.43522959287393,26.3578373628627,2020
BFA,Burkina Faso,19.0,18.1522007,895.535288442991,354.0,7.08691931,4.511,47.4,60.046,2.37649218888363,26.8114307743017,2021
BFA,Burkina Faso,19.5,25.3987999,827.330843486661,316.0,7.41435528,3.828,46.1,60.7,2.30907147387783,27.2791369742712,2022
BFA,Burkina Faso,21.7,25.36120033,873.198061670247,242.0,7.79943228,3.601,44.9,61.092,2.26973666268599,27.7872478365158,2023
BWA,Botswana,26.5,2.90266662177209,3450.81180622992,136.0,6.10838556,15.88,39.4,52.263,2.13210606291764,53.2047727398794,2000
BWA,Botswana,24.8,3.43088678702599,3206.07123689853,138.0,6.3660779,18.54,39.0,52.21,2.05763865830609,54.0489894446035,2001
BWA,Botswana,27.0,3.38592235064273,3117.25087183011,140.0,6.66529799,21.277,39.7,52.373,1.88080986109573,55.0142988603802,2002
BWA,Botswana,33.1,3.3451901740614,4230.12326909926,142.0,6.40933847,23.8,41.4,52.851,1.75962550604573,56.0979233496432,2003
BWA,Botswana,35.3,3.30488925316113,4956.69287735214,151.0,6.09125996,21.755,44.0,53.573,1.75338203751141,57.2582489329358,2004
BWA,Botswana,37.5,3.262599945,5391.07076619634,166.0,5.26532936,19.852,43.6,54.386,1.79499163132533,58.4535554684584,2005
BWA,Botswana,39.7,4.28993297515968,5291.58379144849,204.0,4.87599421,17.782,45.8,55.112,1.86517712065057,59.6421228144112,2006
BWA,Botswana,41.9,5.28,5529.12574632532,201.0,5.52080727,16.976,50.3,56.735,1.9381347493906,60.7822308289942,2007
BWA,Botswana,44.5,6.25,5503.07395314313,199.0,5.89747286,16.293,52.8,57.661,2.0082147581123,61.8321593704079,2008
BWA,Botswana,43.4,6.150000095,5082.93388332404,213.0,6.62081194,16.169,52.5,58.297,2.06587846755776,62.7501882968523,2009
BWA,Botswana,52.0,6.0,6215.73216077919,228.0,6.26718187,17.86,53.3,59.137,2.10943597528371,63.4945974665277,2010
BWA,Botswana,53.2,9.0,7287.38295334919,269.0,5.86915016,18.049,54.3,59.715,1.96877479635498,64.0187810722889,2011
BWA,Botswana,56.0,16.0,6595.53845015424,288.0,6.35010576,17.916,49.5,60.384,1.67774021157009,64.3993247826904,2012
BWA,Botswana,58.0,30.0,6666.91219583487,221.0,6.49913645,18.167,47.0,61.217,1.50921875015756,64.7579735458393,2013
BWA,Botswana,60.0,36.74474744423,7122.36423421503,212.0,5.8804059,18.484,46.2,62.167,1.45441898422222,65.0965122400825,2014
BWA,Botswana,62.1,38.89379883,6141.20394726616,141.0,6.10287762,18.915,44.2,63.215,1.42753223737773,65.4103584313295,2015
BWA,Botswana,64.2,41.16859818,6749.05994339013,72.0,5.76837635,19.328,42.8,64.32,1.41970172619868,65.6949296854899,2016
BWA,Botswana,67.4,43.57640076,7104.96401088027,46.0,6.62986994,19.671,40.0,65.42,1.42047647332447,65.9456435684731,2017
BWA,Botswana,68.3,46.12509918,7407.95940141786,99.0,6.04010344,19.665,38.7,66.371,1.41898108514606,66.1579176461888,2018
BWA,Botswana,70.1,48.82279968,7172.08956480028,100.0,6.12193203,20.094,37.4,67.167,1.42262847077389,66.3271694845464,2019
BWA,Botswana,71.8,51.67819977,6323.2974967659,98.0,6.1213398,21.017,36.5,67.643,1.4394103578493,66.4488166494554,2020
BWA,Botswana,73.7,54.70069885,7807.88794570471,165.0,6.30315065,23.106,35.4,63.303,1.49130106425067,66.5182767068255,2021
BWA,Botswana,75.9,57.9,8328.7090572666,120.0,5.73650789,23.615,34.3,68.749,1.58848021878269,66.5889787170477,2022
BWA,Botswana,76.0,,7827.30027960734,155.0,6.25574684,23.381,33.3,69.163,1.64031664035479,67.0212655349864,2023
CAF,Central African Republic,6.0,0.0533941742150456,239.154133726071,1490.0,4.3808217,5.722,99.6,46.609,2.74955419856204,37.7014879765364,2000
CAF,Central African Republic,5.7,0.0785434278394038,237.951702544735,1504.0,4.01043987,5.77,97.9,46.734,2.2204466205594,37.7560236207831,2001
CAF,Central African Republic,6.1,0.128537116506299,248.639290978403,1496.0,4.23633623,5.809,96.1,46.84,2.18516803355959,37.8169752995511,2002
CAF,Central African Republic,6.6,0.151563337940017,278.403992150941,1487.0,4.18572474,5.809,94.3,47.306,2.39269152862068,37.8863171931924,2003
CAF,Central African Republic,7.0,0.223401395464406,303.461321152782,1450.0,4.14367914,5.729,92.2,47.696,2.16355960798951,37.9626889392062,2004
CAF,Central African Republic,7.4,0.26820001,311.950023138687,1389.0,4.22857571,5.691,90.0,48.207,2.2634335589763,38.0448510426866,2005
CAF,Central African Republic,7.8,0.311199993,333.942519903031,1337.0,4.31108665,5.61,87.4,48.687,2.04865266623958,38.134433681123,2006
CAF,Central African Republic,8.4,0.375815961044797,380.887048839475,1271.0,4.6338892,5.562,85.3,49.327,1.92738176317224,38.2343339436079,2007
CAF,Central African Republic,7.5,1.0,437.24827472489,1234.0,4.02635765,5.51,83.4,49.873,2.1330142206447,38.3474489192338,2008
CAF,Central African Republic,9.4,1.799999952,456.471673898404,1272.0,4.68325615,5.575,239.9,14.665,-0.65882495965577,38.476675697093,2009
CAF,Central African Republic,9.8,2.0,476.873786950728,1230.0,3.56699872,5.658,88.5,46.871,-0.799202484181735,38.6244963104203,2010
CAF,Central African Republic,10.4,2.200000048,534.057281471636,1131.0,3.67561865,5.638,77.7,50.107,1.59035970102042,38.8030669465007,2011
CAF,Central African Republic,11.0,2.400000095,544.395849142785,1092.0,3.91814446,5.58,76.1,51.336,0.998867377606297,39.0301696038517,2012
CAF,Central African Republic,11.5,2.5,364.36696260838,1092.0,4.76660204,5.566,81.0,49.487,0.682377856508138,39.3042963482777,2013
CAF,Central African Republic,12.0,2.700000048,409.8504859647,1034.0,4.56557369,5.633,101.7,40.265,-0.415235398986532,39.6226521868738,2014
CAF,Central African Republic,12.7,2.900000095,366.322853938121,981.0,5.03434181,5.775,72.0,51.934,0.132677645471712,39.9824421267351,2015
CAF,Central African Republic,13.4,3.099999905,387.176203444318,962.0,5.44402313,5.793,77.1,50.999,1.80553237158984,40.3808711749566,2016
CAF,Central African Republic,14.1,4.0,432.324025684263,1093.0,6.66541576,5.836,88.4,45.231,1.67978155291511,40.8151443386334,2017
CAF,Central African Republic,14.6,5.099999905,455.243962859534,881.0,10.99484062,5.825,73.9,52.297,1.76068487647458,41.2824666248606,2018
CAF,Central African Republic,14.3,7.509200096,449.228467602439,1650.0,7.76081514,5.916,128.9,31.53,1.34469255324203,41.7800430407332,2019
CAF,Central African Republic,15.4,,462.879071294011,1296.0,8.98488045,6.519,74.7,50.596,1.64324789708014,42.3050785933463,2020
CAF,Central African Republic,15.7,,492.263142830507,1127.0,9.15097523,6.701,96.3,40.279,1.68608971248183,42.8547782897949,2021
CAF,Central African Republic,15.7,13.75360012,467.359825026238,841.0,9.94993496,6.287,206.8,18.818,-0.275432271573156,43.2751967457285,2022
CAF,Central African Republic,17.6,13.8416996,495.978897288721,692.0,10.65553188,6.181,60.8,57.408,1.06107453184959,43.6983692134165,2023
CIV,Cote d'Ivoire,48.7,0.231461670612799,936.636541348798,378.0,3.61476922,4.835,91.4,51.393,2.76729583954346,43.0840065011913,2000
CIV,Cote d'Ivoire,49.7,0.395747702246439,924.727294962066,405.0,3.59047151,5.195,89.3,51.428,2.67539291726228,43.4670149035012,2001
CIV,Cote d'Ivoire,51.4,0.497929360753307,967.815864415991,427.0,3.54146051,5.508,87.1,51.544,2.58396350857445,43.859032147728,2002
CIV,Cote d'Ivoire,51.5,0.758669629452205,1111.17135087887,451.0,3.95147705,5.847,84.8,51.443,2.49227881118865,44.2593744150531,2003
CIV,Cote d'Ivoire,52.4,0.849282414747704,1199.82524528546,456.0,4.02148724,5.915,82.5,51.939,2.42497124712807,44.667357886658,2004
CIV,Cote d'Ivoire,58.9,1.039199948,1197.74616979415,492.0,3.96639085,6.023,80.0,52.432,2.38748971138117,45.082298743724,2005
CIV,Cote d'Ivoire,60.2,1.52489996,1230.43056838584,544.0,3.92861462,6.017,77.8,52.885,2.35559796287643,45.5035131674326,2006
CIV,Cote d'Ivoire,55.3,1.799999952,1367.53817722326,567.0,4.19379663,6.284,75.3,53.452,2.3271214491968,45.930317338965,2007
CIV,Cote d'Ivoire,60.3,1.899999976,1583.97066701372,562.0,4.1387105,6.382,72.6,54.179,2.27477682329573,46.3620274395029,2008
CIV,Cote d'Ivoire,57.3,2.0,1540.45393569596,588.0,4.63971424,6.573,70.5,54.744,2.22245214914258,46.7979596502274,2009
CIV,Cote d'Ivoire,58.4,2.700000048,1553.54887048143,592.0,4.57494831,6.607,68.4,55.282,2.20359114199838,47.2374301523201,2010
CIV,Cote d'Ivoire,55.8,2.900000095,1596.62826565998,569.0,4.39700699,7.144,66.6,55.972,2.17265768049368,47.6797551269623,2011
CIV,Cote d'Ivoire,55.8,4.400000095,1546.9460184731,566.0,4.4273715,7.223,64.5,56.57,2.08872019159152,48.1242507553354,2012
CIV,Cote d'Ivoire,61.5,6.599999905,1786.15862031324,544.0,3.71773791,4.255,62.4,57.057,1.99427988380631,48.5702332186208,2013
CIV,Cote d'Ivoire,61.9,10.0,1991.36539423404,522.0,3.7310183,3.274,60.3,57.772,2.42493545476417,49.0173144557368,2014
CIV,Cote d'Ivoire,62.6,38.4400001654616,1814.71855088017,505.0,3.2198832,2.573,58.4,58.281,2.88906178023194,49.4694894689553,2015
CIV,Cote d'Ivoire,64.3,41.2078149304414,1862.59597081287,488.0,3.32101274,1.896,56.9,58.814,2.90076810314127,49.929991034032,2016
CIV,Cote d'Ivoire,65.6,43.8399208514876,1964.29930338343,465.0,3.24693036,3.272,55.2,59.315,2.82237176165589,50.3977309654344,2017
CIV,Cote d'Ivoire,67.1,37.5465361301281,2130.86619381144,449.0,3.0916779,2.852,53.5,59.795,2.69696827034562,50.8718477756395,2018
CIV,Cote d'Ivoire,68.6,36.2889545655205,2141.76836170115,429.0,3.18916845,2.401,51.8,60.274,2.61916841176218,51.3514799771241,2019
CIV,Cote d'Ivoire,69.9,36.01660156,2179.72934832935,447.0,3.62327886,2.588,50.3,60.14,2.53019803537112,51.8357660823651,2020
CIV,Cote d'Ivoire,71.1,35.95069885,2455.98127641148,459.0,3.76207662,2.623,48.7,60.29,2.47398737434864,52.3183461956059,2021
CIV,Cote d'Ivoire,70.4,38.41328122,2333.37128301259,409.0,3.63847613,2.31,47.4,61.562,2.51622934953513,52.8492549676673,2022
CIV,Cote d'Ivoire,72.4,40.65284979,2591.9659048119,359.0,3.43218303,2.263,46.2,61.944,2.50384681190665,53.4075201638704,2023
CMR,Cameroon,41.0,0.252120077733662,708.565731625965,678.0,4.29573393,7.533,83.1,53.338,2.63276307164066,46.2449829402599,2000
CMR,Cameroon,46.2,0.277051321848797,715.470296470585,672.0,4.16830397,7.46,81.2,53.598,2.62643255915311,46.7627509050978,2001
CMR,Cameroon,44.0,0.360871584267755,789.623811072554,658.0,4.02669907,6.711,79.1,53.922,2.68124815756453,47.2589242513436,2002
CMR,Cameroon,45.1,0.587622611130454,988.241276791846,645.0,3.90227985,5.908,77.2,54.253,2.72747133462562,47.7325523560061,2003
CMR,Cameroon,47.1,0.976075415490902,1133.39326749673,633.0,3.72798991,5.087,75.2,54.578,2.74741504067453,48.1826845960942,2004
CMR,Cameroon,47.2,1.402699947,1142.62466252106,629.0,3.77274442,4.4,73.5,54.904,2.75573848394242,48.5837852394685,2005
CMR,Cameroon,49.0,2.028700113,1191.45458990968,615.0,3.73662829,3.729,71.6,55.301,2.74855128044116,49.2044173412861,2006
CMR,Cameroon,48.2,2.93,1325.67248215933,605.0,3.79498792,3.063,69.9,55.71,2.80627824632764,49.7027028593758,2007
CMR,Cameroon,50.6,3.400000095,1492.14269801453,592.0,3.65843678,3.386,68.0,56.116,2.86258453269924,50.0858325268669,2008
CMR,Cameroon,51.7,3.84,1461.38999232337,579.0,3.49997187,3.743,66.3,56.486,2.86539222671372,50.4714131335678,2009
CMR,Cameroon,52.8,4.300000191,1398.58702025047,562.0,3.57742167,4.11,63.9,56.965,2.85766146651935,50.8505075371362,2010
CMR,Cameroon,53.7,5.0,1513.96056994878,541.0,3.85282946,3.988,61.8,57.482,2.82842297078772,51.2229843034125,2011
CMR,Cameroon,55.2,7.5,1449.09874362279,500.0,3.9310236,3.836,59.6,58.17,2.8130471843416,51.5887119982861,2012
CMR,Cameroon,56.3,10.0,1575.92882118897,469.0,3.63136435,3.686,57.3,58.73,2.80909371019789,51.9475591877024,2013
CMR,Cameroon,56.8,16.2148722257524,1649.4433905949,440.0,4.34148788,3.534,55.3,59.13,3.02592195035823,52.2993944376709,2014
CMR,Cameroon,58.6,18.29999924,1415.00009710569,417.0,4.12600517,3.518,53.3,59.687,3.13934346036401,52.6440863142742,2015
CMR,Cameroon,59.8,20.60000038,1441.7201725688,393.0,4.02253723,3.529,51.4,60.293,2.98933225067819,52.9815033836792,2016
CMR,Cameroon,60.9,23.2029719748646,1496.08951771242,372.0,3.79293942,3.573,49.6,60.817,2.83499798189177,53.3115142121504,2017
CMR,Cameroon,62.2,29.70000076,1610.69641591017,354.0,3.61970162,3.608,48.0,61.189,2.77030987519388,53.6339873660653,2018
CMR,Cameroon,63.2,36.53919983,1555.22660476477,336.0,3.65157914,3.632,46.9,61.695,2.78164441246944,53.9487914119331,2019
CMR,Cameroon,64.3,37.69749832,1555.60370660749,316.0,4.25051928,3.881,45.5,61.674,2.7244863481235,54.2557949164174,2020
CMR,Cameroon,65.4,38.89260101,1672.32657340872,342.0,4.34109783,3.976,44.1,61.146,2.65496076580698,54.5548664463635,2021
CMR,Cameroon,71.0,40.12559891,1604.87726954895,276.0,4.49439144,3.646,42.7,62.443,2.62905090961273,54.8458745688318,2022
CMR,Cameroon,72.0,42.24380112,1720.47510154506,258.0,4.5545516,3.607,41.3,63.7,2.64245336134821,55.1286878511388,2023
COM,Comoros,39.8,0.271740607285909,633.309032776244,476.0,7.51525021,4.4,65.2,58.941,1.91989444545768,28.0360512192055,2000
COM,Comoros,42.0,0.443068372538977,681.163857619963,440.0,6.6571784,4.379,63.0,59.587,2.05675116831034,27.9902886596605,2001
COM,Comoros,44.8,0.554869674985088,764.61349832543,428.0,6.68594599,4.372,60.9,59.723,2.11608023442771,27.9586267103537,2002
COM,Comoros,46.5,0.848189370151537,959.691049354812,400.0,6.66024828,4.559,58.9,60.24,1.92701943618421,27.9448864609618,2003
COM,Comoros,48.7,1.32732717785355,1072.28409029621,385.0,6.58576155,4.571,56.9,60.557,1.89592485384757,27.9596300229124,2004
COM,Comoros,51.0,2.0,1105.78796866788,373.0,6.13142872,4.527,55.1,60.883,2.04084019817184,28.016895208368,2005
COM,Comoros,53.2,2.200000048,1138.47908404345,360.0,5.77341843,4.482,53.3,61.229,2.0170547631074,28.1143215973031,2006
COM,Comoros,55.5,2.5,1289.73631056361,352.0,5.41753864,4.474,51.7,61.475,1.99305922756432,28.2493321448949,2007
COM,Comoros,57.8,3.0,1455.02768595586,334.0,5.06897497,4.416,50.2,61.955,1.98685114604965,28.4193498063202,2008
COM,Comoros,60.1,3.5,1410.30516959473,320.0,4.92694378,4.303,48.9,62.302,1.98865318234701,28.6217975367563,2009
COM,Comoros,69.7,5.099999905,1386.57533553376,305.0,4.99181557,4.19,47.6,62.747,1.98790768401212,28.8540982913801,2010
COM,Comoros,69.3,5.5,1531.43969320468,291.0,5.3021183,4.12,46.4,63.105,1.99871797531046,29.1136750253686,2011
COM,Comoros,69.3,5.975299835,1490.31425650871,274.0,5.17354631,4.091,45.4,63.463,2.01149862727803,29.397950693899,2012
COM,Comoros,69.4,6.5,1603.32653496691,260.0,5.10299301,3.98,44.4,63.839,2.11384957294193,29.7043482521482,2013
COM,Comoros,71.8,6.980000019,1615.71709756316,247.0,5.23849726,3.984,43.6,64.143,2.17541496047092,30.0302906552932,2014
COM,Comoros,74.1,7.459199905,1329.37048235986,237.0,4.60089922,4.031,42.8,64.473,2.11093338446849,30.3732008585112,2015
COM,Comoros,76.4,7.938300133,1365.48403444497,225.0,4.65263557,4.117,42.0,64.792,2.05111578193354,30.7305018169792,2016
COM,Comoros,78.7,8.478199959,1423.9248027797,219.0,5.26807451,4.049,41.3,65.127,1.99257798738542,31.0996559689293,2017
COM,Comoros,81.0,,1540.71132257526,209.0,4.90318584,3.975,40.6,65.401,1.95274153616222,31.4073645195839,2018
COM,Comoros,83.3,16.38380051,1519.26386436068,202.0,5.18044472,3.926,39.8,65.662,1.92385702700328,31.7287584068243,2019
COM,Comoros,85.6,22.42040062,1527.16991011916,198.0,5.902421,4.468,38.9,65.756,1.96199379762606,32.0638072194881,2020
COM,Comoros,87.9,30.68120003,1587.72988658008,215.0,6.46315002,4.394,38.0,65.201,1.97631988078353,32.4124444313246,2021
COM,Comoros,89.9,31.37409973,1533.87755393614,186.0,8.47119522,3.879,37.0,66.481,1.93837687010445,32.7746035528748,2022
COM,Comoros,89.8,31.92749977,1723.89474946474,179.0,6.55212021,3.833,36.0,66.777,1.92327433672711,33.1502180946901,2023
CPV,Cabo Verde,58.6,1.82244385164396,1189.51479345891,110.0,3.86025023,13.024,29.4,68.117,1.51097073984668,53.9332149202283,2000
CPV,Cabo Verde,60.3,2.68533271272311,1223.33055331575,101.0,3.69652915,13.242,27.0,68.707,1.52715832330257,54.7762172320995,2001
CPV,Cabo Verde,58.6,3.5187571749658,1328.57874270666,92.0,3.72489762,13.379,25.3,69.447,1.45645106544752,55.5703407979481,2002
CPV,Cabo Verde,63.7,4.32488539053715,1717.97565369655,86.0,3.6274426,13.604,24.3,70.006,1.34770321112892,56.3297071979641,2003
CPV,Cabo Verde,65.4,5.31883206957883,1929.49081468781,80.0,3.54616308,13.456,23.9,70.499,1.25679558194683,57.0677167011018,2004
CPV,Cabo Verde,67.0,6.07408710659813,2004.14680417563,75.0,3.34086585,13.439,23.9,70.936,1.19132344131983,57.7977695763157,2005
CPV,Cabo Verde,68.8,6.80891100753313,2256.99666191075,76.0,3.82406759,13.378,24.1,71.341,1.15040265762577,58.5332660925599,2006
CPV,Cabo Verde,70.5,8.28321981953034,3324.57675212498,73.0,3.84218621,13.294,24.4,71.487,1.10689150817132,59.287606518789,2007
CPV,Cabo Verde,72.3,14.0,3908.64885822576,68.0,3.26951575,13.307,24.5,71.888,1.03555151023311,60.0741911239572,2008
CPV,Cabo Verde,74.1,21.0,3659.72046361628,62.0,3.55867004,13.517,24.3,72.142,0.950085360363308,60.906420177019,2009
CPV,Cabo Verde,81.1,30.0,3579.46006137809,61.0,4.08085394,10.67,23.8,72.507,0.717181999615317,61.7974262732302,2010
CPV,Cabo Verde,82.3,32.0,4002.01386888785,55.0,3.92527819,10.956,23.0,72.913,0.325685661710053,62.7419929036884,2011
CPV,Cabo Verde,83.2,34.74,3736.81517011087,51.0,4.6740551,11.145,21.9,73.315,0.0992767342106355,63.7260454520996,2012
CPV,Cabo Verde,84.3,37.5,3960.97596791345,50.0,4.82468271,11.398,20.5,73.481,0.052725108136232,64.7486207521826,2013
CPV,Cabo Verde,85.3,40.25999832,3985.60706548134,48.0,4.85231543,11.689,19.1,73.788,0.0197159536864678,65.8085112712742,2014
CPV,Cabo Verde,86.4,42.6830141582781,3415.06266730931,46.0,4.40073681,11.923,17.6,74.096,0.0132719182020122,66.9045094767116,2015
CPV,Cabo Verde,87.5,50.3228178676892,3608.96605234906,44.0,4.36134005,12.085,16.2,74.35,0.0312210963482392,68.0354078358316,2016
CPV,Cabo Verde,88.6,57.1621463484891,3893.09571382506,43.0,4.48070955,12.24,15.1,74.71,0.0661175101881539,69.1999988159713,2017
CPV,Cabo Verde,90.2,59.5,4294.96510035729,43.0,4.78548193,12.17,14.1,74.84,0.101723857752759,70.3970748844677,2018
CPV,Cabo Verde,91.4,61.9433977593088,4380.78117331128,41.0,4.82431316,12.123,13.2,75.449,0.134109462358547,71.6254285086577,2019
CPV,Cabo Verde,93.7,69.37339783,3539.22661248299,56.0,7.03399324,14.65,12.5,73.818,0.11178257414313,72.8838521558784,2020
CPV,Cabo Verde,95.5,70.28250122,3971.44409203423,56.0,6.60773611,13.932,12.0,74.424,0.38203217521266,74.1607930892827,2021
CPV,Cabo Verde,97.1,73.32740021,4323.31362032709,42.0,6.70243406,12.239,11.5,75.907,0.596688345869947,75.033738060849,2022
CPV,Cabo Verde,98.6,74.59919739,4794.90119772843,40.0,5.84791613,11.882,11.0,76.059,0.497087597239901,75.9064245753376,2023
ERI,Eritrea,29.3,0.136711941104496,314.357396753501,741.0,5.76670074,5.656,50.8,56.285,1.53601457156771,34.0983619689941,2000
ERI,Eritrea,30.3,0.157815289303043,325.409161513593,651.0,5.91931677,5.74,49.1,58.359,2.85373304958379,34.3253211975098,2001
ERI,Eritrea,32.2,0.227090137626716,304.775756465092,636.0,6.68857431,5.794,47.4,58.941,3.43914956264516,34.5420799255371,2002
ERI,Eritrea,32.4,,348.950327077742,588.0,7.33703375,5.79,45.9,59.455,4.13103377544635,34.7451286315918,2003
ERI,Eritrea,33.4,,426.840947887032,588.0,7.00984907,5.704,44.5,60.063,4.10022739741036,34.9324645996094,2004
ERI,Eritrea,34.5,,412.753079199423,567.0,6.8641758,5.721,43.2,60.628,2.39315582930907,35.1022033691406,2005
ERI,Eritrea,35.6,,447.997404727201,555.0,6.85727453,5.707,42.0,61.457,1.57651841967655,35.2525177001953,2006
ERI,Eritrea,36.7,0.409999996,480.44762365456,541.0,5.2786293,5.719,40.8,61.998,1.45851723438561,35.3820953369141,2007
ERI,Eritrea,37.8,0.469999999,490.066956003333,530.0,6.57807541,5.683,39.7,62.422,2.63004117479615,35.4897117614746,2008
ERI,Eritrea,38.9,0.540000021,642.92572288007,515.0,5.42343187,5.757,38.5,63.203,2.50908465799155,35.5742034912109,2009
ERI,Eritrea,40.1,0.610000014,539.699512069686,498.0,4.81866503,5.854,37.5,63.665,1.96475727107645,35.6346549987793,2010
ERI,Eritrea,41.2,0.699999988,688.68165957684,478.0,5.1622901,5.801,36.4,64.231,1.79351881087532,35.6706275939941,2011
ERI,Eritrea,42.3,0.800000012,,458.0,3.74245787,5.692,35.4,64.697,1.27590736754429,35.6824264526367,2012
ERI,Eritrea,43.5,0.899999976,,443.0,4.96813059,5.624,34.4,65.005,1.22305147270022,35.6713333129883,2013
ERI,Eritrea,44.6,0.99000001,,430.0,3.91432381,5.637,33.4,65.517,0.674705166672434,35.639720916748,2014
ERI,Eritrea,45.8,1.083699942,,413.0,4.50776815,5.751,32.4,65.909,0.334574415524454,35.591007232666,2015
ERI,Eritrea,46.9,1.177099943,,395.0,3.73838949,5.772,31.3,66.242,0.614809318134095,35.5254287719727,2016
ERI,Eritrea,48.0,2.496099949,,379.0,4.15359449,5.804,30.5,66.612,0.817496698225399,35.4427146911621,2017
ERI,Eritrea,49.1,5.293000221,,363.0,4.24748898,5.756,29.6,66.979,1.33731409848117,35.3451042175293,2018
ERI,Eritrea,50.3,11.22379971,,351.0,4.64806461,5.812,28.7,67.306,1.47474580694345,35.2352333068848,2019
ERI,Eritrea,51.4,14.34939957,,334.0,4.31117725,6.375,27.8,66.98,1.56406078076077,35.116138458252,2020
ERI,Eritrea,52.5,,,338.0,4.17839003,6.489,27.0,66.94,1.77411588481268,34.9871139526367,2021
ERI,Eritrea,55.4,,,301.0,3.87537837,6.033,26.2,67.789,1.75351368458045,34.8469276428223,2022
ERI,Eritrea,54.4,,,291.0,3.6837678,5.909,25.4,68.624,1.77168715176453,34.696403503418,2023
ETH,Ethiopia,12.7,0.0152637672082567,122.269202606069,870.0,4.36504698,3.499,92.3,50.88,3.06823302462214,14.9193096160889,2000
ETH,Ethiopia,10.2,0.0371623810686744,118.457204255261,856.0,4.72316694,3.16,88.9,51.428,3.03351132311934,15.1177673339844,2001
ETH,Ethiopia,11.9,0.0724022618698295,109.593813612988,826.0,4.7126298,3.054,85.3,52.085,3.04403477269573,15.333233833313,2002
ETH,Ethiopia,13.5,0.105811658802603,116.800491132777,797.0,4.89970922,3.008,81.7,52.877,3.02102233073437,15.5438537597656,2003
ETH,Ethiopia,15.2,0.155334520794722,133.169812538096,764.0,4.31281853,2.776,78.0,53.735,2.99474712931538,15.7585906982422,2004
ETH,Ethiopia,14.0,0.219659818999505,158.243458082465,754.0,4.10098124,2.497,74.4,54.364,2.96602247201649,15.982967376709,2005
ETH,Ethiopia,18.6,0.310592656856176,189.345737521418,729.0,4.45757294,2.337,70.9,55.402,2.93729031507005,16.2148475646973,2006
ETH,Ethiopia,20.3,0.37,237.146255996319,704.0,5.00128317,2.337,67.7,56.566,2.93015925736888,16.0948330261902,2007
ETH,Ethiopia,22.0,0.449999988,316.410475118075,678.0,4.28063869,2.326,64.7,57.733,2.89435688963486,16.7936706542969,2008
ETH,Ethiopia,23.7,0.540000021,368.574712267445,649.0,4.6496563,2.326,61.8,58.715,2.83966010377931,17.1511001586914,2009
ETH,Ethiopia,25.5,0.75,330.619412798644,619.0,5.46637249,2.295,59.2,59.709,2.83517457968806,17.4937839508057,2010
ETH,Ethiopia,23.0,1.100000024,343.024942351887,588.0,4.46897745,2.27,56.8,60.595,2.84354457485296,17.863790512085,2011
ETH,Ethiopia,29.0,2.900000095,452.101031885754,545.0,4.5395956,2.252,54.4,61.443,2.80390393439601,18.2061367034912,2012
ETH,Ethiopia,30.8,4.599999905,484.039833104062,494.0,4.07506514,2.251,52.2,62.161,2.71847231803133,18.615514755249,2013
ETH,Ethiopia,27.2,7.699999809,549.986577082588,444.0,4.03365517,2.361,50.0,62.927,2.68299781796922,19.0262870788574,2014
ETH,Ethiopia,29.0,13.8551755555556,597.912113218663,401.0,3.82316828,2.442,47.9,63.592,2.68480186138776,19.451566696167,2015
ETH,Ethiopia,42.9,15.3669238595896,641.651523286233,364.0,3.60033751,2.556,45.9,64.162,2.70788250761242,19.8763618469238,2016
ETH,Ethiopia,44.3,15.62440014,696.348429076216,327.0,3.45336914,2.665,44.0,64.766,2.72524097063889,20.3084850311279,2017
ETH,Ethiopia,44.8,15.88619995,739.702022272086,297.0,3.30371761,2.811,42.3,65.257,2.69675179524869,20.7838096618652,2018
ETH,Ethiopia,48.0,15.98460007,793.473247218996,269.0,3.24287128,2.928,40.8,65.741,2.69123978261516,21.2486705780029,2019
ETH,Ethiopia,51.1,16.06959915,829.790982552951,244.0,3.48096275,3.998,39.4,65.969,2.71077284780816,21.6260051727295,2020
ETH,Ethiopia,54.2,16.6981031,893.009835441784,250.0,3.20779967,3.935,49.9,65.33,2.67249538803955,22.1067085266113,2021
ETH,Ethiopia,55.0,17.9836998,982.103161502198,207.0,2.85298109,3.386,48.3,66.897,2.62269500936104,22.7367687225342,2022
ETH,Ethiopia,55.4,20.33749962,1055.81091593061,195.0,2.80310345,3.375,38.7,67.315,2.6036241976442,23.0586471557617,2023
GAB,Gabon,73.6,1.21614061828589,3982.906200928,178.0,2.90471101,17.848,50.7,61.81,2.58540209287646,79.5660404650438,2000
GAB,Gabon,77.2,1.34762022159633,3835.75718279727,160.0,3.15198207,17.827,49.4,61.982,2.6318642070048,80.4090993437448,2001
GAB,Gabon,77.8,1.93953010616212,3966.48001864663,151.0,3.32970691,17.376,48.1,62.175,2.67810322358967,81.2205241874174,2002
GAB,Gabon,78.5,2.65958659385985,4710.74862768151,134.0,3.53648472,17.126,46.8,62.463,2.72905696679518,81.9970830091574,2003
GAB,Gabon,79.2,2.97906980035019,5465.79193590708,142.0,3.36498594,17.108,45.5,62.694,2.80043793009716,82.7355438220611,2004
GAB,Gabon,81.6,4.89326474972412,6547.87613955186,175.0,2.92175174,16.91,44.3,62.978,2.90380819435636,83.4326746392243,2005
GAB,Gabon,80.5,5.48920080280135,6847.00985685394,186.0,3.14623928,17.805,43.2,63.259,3.01803087434569,84.0852434737431,2006
GAB,Gabon,81.3,5.767000198,8003.54289696049,173.0,3.0834198,18.257,41.9,63.619,3.12630083622847,84.6900183387136,2007
GAB,Gabon,82.0,7.5,9688.64519690633,158.0,2.84760666,19.212,40.8,64.011,3.22072516127824,85.2437672472316,2008
GAB,Gabon,82.7,9.5,7290.57526093114,158.0,3.78076673,19.76,40.0,64.361,3.32765333333101,85.7432582123932,2009
GAB,Gabon,89.3,13.0,8356.74662013345,144.0,2.47556901,20.39,38.8,64.715,3.44994267851283,86.1852592472945,2010
GAB,Gabon,88.7,18.0,10219.1139339454,149.0,2.55771565,19.895,37.5,65.102,3.54739719912158,86.5665383650315,2011
GAB,Gabon,89.3,24.0,9296.96587941088,173.0,2.42097569,19.661,36.4,65.438,3.57746904510728,86.8838635787001,2012
GAB,Gabon,86.4,30.53800011,9197.70106323947,235.0,2.84087205,19.736,35.3,65.751,3.52009296367142,87.1482480671637,2013
GAB,Gabon,87.1,38.07120132,9201.36276648105,273.0,2.53282261,19.873,34.7,66.07,3.35844001734251,87.6236017962969,2014
GAB,Gabon,87.3,45.78450012,7047.12654634355,239.0,2.65743947,19.943,33.7,66.336,3.11465625322556,88.085308383892,2015
GAB,Gabon,88.1,48.0522995,6677.07003901644,215.0,3.1076982,20.117,32.6,66.583,2.86485541015556,88.5445883406178,2016
GAB,Gabon,86.3,51.60490036,6921.73373135624,184.0,2.78068876,20.307,32.0,66.816,2.65889572463952,89.0009733256896,2017
GAB,Gabon,89.6,55.42020035,7624.2775233771,176.0,2.75235105,20.459,31.1,67.043,2.53688289832205,89.4539949981866,2018
GAB,Gabon,90.3,59.51760101,7441.1786472281,179.0,2.76837039,20.371,30.1,67.337,2.47279132038176,89.9031850170394,2019
GAB,Gabon,91.1,63.91790009,6605.80346077904,194.0,3.4401269,21.279,28.8,67.073,2.38922359813697,90.3480750410147,2020
GAB,Gabon,91.8,65.76809692,8181.40914134398,249.0,2.79254127,21.223,28.5,67.072,2.30612435799096,90.7881967286967,2021
GAB,Gabon,93.5,67.67169952,8409.20741452279,216.0,2.89087176,20.319,27.5,67.713,2.24763901253797,91.2243355459988,2022
GAB,Gabon,94.1,68.19789886,7802.82433276138,233.0,3.13430715,20.161,26.9,68.337,2.19891289669511,91.6375962797313,2023
GHA,Ghana,43.7,0.153615297625799,253.746936203344,472.0,1.66343236,10.456,61.7,58.139,2.51243583964957,43.9373786640616,2000
GHA,Ghana,44.8,0.200008060324831,263.542156494853,460.0,1.86866331,9.615,59.7,58.403,2.6631054412646,44.6410507317701,2001
GHA,Ghana,46.8,0.830284033818738,297.46164468774,434.0,1.94694591,8.711,57.8,58.709,2.75013769977312,45.3484692124806,2002
GHA,Ghana,48.3,1.19305791098328,358.39927142073,410.0,2.14935279,7.728,56.2,59.014,2.69999623325849,46.0547973581418,2003
GHA,Ghana,50.8,1.71679770389504,406.132105329565,403.0,2.36955285,6.758,54.7,59.316,2.64856422445373,46.7572004525685,2004
GHA,Ghana,41.2,1.83119746104616,478.611909191028,390.0,3.27344108,5.816,53.4,59.638,2.62275723095941,47.4528437795757,2005
GHA,Ghana,55.1,2.72317597313987,906.441027564887,385.0,3.67208791,4.897,52.1,59.975,2.59967236461776,48.1388926229785,2006
GHA,Ghana,56.9,3.85,1050.12461524926,377.0,3.70900321,5.104,50.7,60.282,2.57742881770877,48.8125122665918,2007
GHA,Ghana,60.5,4.27,1182.65761256016,380.0,3.72533512,5.144,49.2,60.578,2.5377798286274,49.4708679942306,2008
GHA,Ghana,61.1,5.44,1047.70430093586,369.0,4.17717743,5.362,47.5,60.928,2.49528498609835,50.1111250897099,2009
GHA,Ghana,64.2,7.8,1263.89251760539,363.0,4.52302933,5.384,45.8,61.297,2.43301424000427,50.7296926788704,2010
GHA,Ghana,64.1,9.0,1507.43573198753,356.0,4.46374655,4.213,44.0,61.617,2.40497145453178,51.3304086646488,2011
GHA,Ghana,56.5,10.6,1543.77524235764,351.0,3.93023658,3.126,42.3,61.995,2.4199090803465,51.9197918381031,2012
GHA,Ghana,70.7,15.0,2294.79584693743,338.0,4.59225416,2.173,40.7,62.397,2.40927930949909,52.4985794475913,2013
GHA,Ghana,78.3,19.0,1949.90832923846,317.0,4.01644135,4.403,39.3,62.832,2.36498553072391,53.0663398797148,2014
GHA,Ghana,74.0,23.0,1722.77282833606,310.0,4.54299259,6.806,37.9,63.175,2.30712733064921,53.6226415210752,2015
GHA,Ghana,79.3,28.0,1912.47991339951,296.0,3.39035821,5.256,36.6,63.522,2.27621203911157,54.167052758274,2016
GHA,Ghana,79.0,37.88420105,2012.28662641265,287.0,2.68786979,3.369,35.4,63.829,2.19535792776401,54.6991419779128,2017
GHA,Ghana,80.4,43.0,2195.32166016377,276.0,2.43001175,3.204,34.1,64.138,2.07517136640112,55.218477566593,2018
GHA,Ghana,83.5,22.0732,2186.65822682613,260.0,3.25450468,3.067,32.9,64.455,2.00780519953703,55.7246279109161,2019
GHA,Ghana,85.4,62.51760101,2195.45481659987,253.0,4.4331708,3.178,31.7,64.309,1.99181985149439,56.2171613974837,2020
GHA,Ghana,86.3,68.6,2445.18662529344,264.0,3.86030865,3.2,30.5,64.286,1.95904584379494,56.6952556826536,2021
GHA,Ghana,85.1,69.91329956,2229.89122654479,239.0,3.67459154,2.87,29.4,65.246,1.92029034344132,57.250609602871,2022
GHA,Ghana,89.5,70.67430115,2383.90410476221,234.0,2.94686937,2.829,28.4,65.498,1.90860289687983,57.8074737774654,2023
GIN,Guinea,15.2,0.0954249236063846,518.157066924026,951.0,4.74101353,4.586,97.3,52.42,1.96135964318577,30.9231105645224,2000
GIN,Guinea,16.4,0.175541868491054,483.085120214741,946.0,4.88433027,4.584,93.6,52.669,1.3098114321983,31.2176948406254,2001
GIN,Guinea,17.7,0.402022748744397,495.916073559269,916.0,5.35653734,4.549,90.1,53.2,1.55813303817429,31.5131362085814,2002
GIN,Guinea,18.9,0.450960370842751,566.48540588068,892.0,4.77216482,4.628,87.0,53.589,2.24251877202579,31.8086015036327,2003
GIN,Guinea,20.2,0.508819332302937,584.897740538081,869.0,4.77632809,4.709,84.1,53.975,2.14071157501219,32.1032575610216,2004
GIN,Guinea,20.2,0.542299986,463.17768685098,843.0,4.03452682,4.814,81.7,54.422,2.00041954618802,32.3962712159907,2005
GIN,Guinea,22.8,0.637499988,446.980554135013,825.0,3.61526895,4.863,79.6,54.875,2.09058658116716,32.6868093037822,2006
GIN,Guinea,24.1,0.780025279059244,650.148575304743,802.0,3.48262477,4.787,77.9,55.233,2.31497296404672,32.9740386596386,2007
GIN,Guinea,25.4,0.92,703.532825784369,772.0,3.26561713,4.803,76.6,55.703,2.41908604968745,33.2571261188022,2008
GIN,Guinea,26.7,0.94,662.185914665575,766.0,3.58146644,4.914,75.4,56.052,2.44158489420853,33.5352385165154,2009
GIN,Guinea,28.1,1.0,659.235326211315,750.0,3.42781734,5.018,74.4,56.431,2.45929310036327,33.8075426880206,2010
GIN,Guinea,29.5,2.0,636.694958747648,728.0,3.78955102,5.024,73.6,56.778,2.47697352651722,34.0732054685603,2011
GIN,Guinea,26.2,3.099999905,699.353377212197,703.0,3.50398517,4.874,72.9,57.117,2.45416156342286,34.3313936933767,2012
GIN,Guinea,32.2,4.5,748.455020824734,682.0,3.46108651,4.944,72.1,57.459,2.44471498509098,34.5812741977122,2013
GIN,Guinea,33.5,6.400000095,765.146999389279,664.0,4.787992,5.044,72.0,57.581,2.48019346390261,34.8177920826682,2014
GIN,Guinea,34.9,9.199999809,747.356966759448,642.0,5.80919266,5.15,71.2,57.899,2.53151277572433,35.0373191833496,2015
GIN,Guinea,33.5,13.10000038,711.996509782316,606.0,5.39694929,4.997,69.9,58.49,2.56690869267138,35.3100280761719,2016
GIN,Guinea,35.4,18.70000076,833.598621691121,582.0,3.91512728,4.86,69.0,58.715,2.55652318226129,35.5827331542969,2017
GIN,Guinea,45.0,21.8300230430563,933.273615633705,560.0,3.73843002,4.835,68.1,59.043,2.54385572881799,35.8554382324219,2018
GIN,Guinea,42.2,23.89049911,1031.34146480732,548.0,4.08876228,5.018,67.0,59.379,2.56100451729991,36.1281547546387,2019
GIN,Guinea,44.7,26.14550018,1053.66097696415,528.0,3.90094519,6.007,65.7,59.35,2.55139953603925,36.4802208060551,2020
GIN,Guinea,46.8,28.61330032,1244.96550477914,533.0,3.7175858,5.815,64.4,59.373,2.50610419423246,36.8502178436256,2021
GIN,Guinea,47.7,31.31399918,1416.59612011764,500.0,3.83292699,5.174,62.9,60.432,2.48250409145397,37.2384967469106,2022
GIN,Guinea,51.1,32.31560135,1555.49375806861,494.0,3.69442987,5.141,61.4,60.74,2.46199049961035,37.6454083954705,2023
GNB,Guinea-Bissau,,0.230103170591588,316.945495037639,1295.0,4.18953228,3.358,100.7,50.565,2.00706384351502,36.8412054388232,2000
GNB,Guinea-Bissau,,0.299569144677667,327.138431972397,1222.0,4.12891531,2.958,97.9,51.054,2.12602969093669,37.1627839410066,2001
GNB,Guinea-Bissau,1.3,1.02299323436117,362.034574570354,1141.0,3.87280011,3.146,94.8,51.608,2.19833363261225,37.4734924367695,2002
GNB,Guinea-Bissau,2.6,1.35419747762901,419.78486611807,1069.0,3.50201416,3.169,91.8,52.186,2.26219170729877,37.7773055741583,2003
GNB,Guinea-Bissau,3.9,1.80814220342991,431.376557669634,980.0,4.27070189,3.226,88.5,52.8,2.30540545476551,38.0781980012196,2004
GNB,Guinea-Bissau,5.2,1.90139997,463.073962650452,956.0,4.53462505,3.184,85.1,52.949,2.34505544706955,38.3801443659997,2005
GNB,Guinea-Bissau,14.5,2.057199955,448.513075469701,831.0,5.07826185,3.143,81.7,54.089,2.41122516333709,38.6871193165452,2006
GNB,Guinea-Bissau,7.9,2.20630002,519.069789794741,792.0,4.92573404,3.125,78.2,54.87,2.48996828898925,39.0030975009025,2007
GNB,Guinea-Bissau,9.3,2.35488871087933,640.210331101753,802.0,5.35239792,3.157,74.7,55.3,2.52259007377628,39.3320535671181,2008
GNB,Guinea-Bissau,4.7,2.30328059172582,583.190020139094,753.0,4.61063194,3.163,71.2,56.297,2.54277273891846,39.6716434222135,2009
GNB,Guinea-Bissau,6.0,2.450000048,600.194298540768,698.0,4.87133694,3.121,67.9,56.999,2.58492032110101,40.0095596313477,2010
GNB,Guinea-Bissau,13.5,2.671999931,719.539573498937,678.0,6.21634817,3.072,64.6,57.663,2.62922766462762,40.4391136169434,2011
GNB,Guinea-Bissau,14.9,2.894000053,635.461653303881,704.0,5.94134808,3.135,61.8,58.27,2.65952739224803,40.8686027526855,2012
GNB,Guinea-Bissau,16.3,3.099999905,654.304534409417,707.0,7.03943443,3.173,59.3,58.879,2.66229101877146,41.2976379394531,2013
GNB,Guinea-Bissau,17.2,3.319999933,652.022501029449,662.0,9.96897411,3.285,57.1,59.476,2.62731155689981,41.7271995544434,2014
GNB,Guinea-Bissau,20.1,6.099999905,645.066837207039,631.0,8.13228226,3.168,55.2,60.071,2.57045957815277,42.1568145751953,2015
GNB,Guinea-Bissau,22.9,13.80000019,679.665386626818,617.0,8.32881451,3.139,53.4,60.619,2.51155296505032,42.586109161377,2016
GNB,Guinea-Bissau,26.0,14.80000019,783.123186602022,597.0,7.00049543,3.089,51.7,61.148,2.4363257519627,43.0155792236328,2017
GNB,Guinea-Bissau,28.4,15.69999981,808.531613218504,585.0,7.28164959,3.127,50.1,61.652,2.37405997248475,43.4449081420898,2018
GNB,Guinea-Bissau,30.9,17.92149925,811.210004050041,598.0,7.14602089,2.413,48.6,62.161,2.34095994762157,43.8745574951172,2019
GNB,Guinea-Bissau,33.4,20.45730019,846.918134967613,603.0,8.98898792,2.887,47.2,61.343,2.28895000835492,44.3038330078125,2020
GNB,Guinea-Bissau,35.8,23.3519001,926.54619187706,617.0,8.39794922,3.016,45.9,61.653,2.23903878745423,44.7334136962891,2021
GNB,Guinea-Bissau,37.4,27.67379951,881.602654162231,539.0,8.33752728,2.666,44.7,63.605,2.24235388639993,45.1627159118652,2022
GNB,Guinea-Bissau,40.5,28.71240044,964.431832665395,505.0,8.82204819,2.632,43.4,64.085,2.24529187264064,45.5923843383789,2023
GNQ,Equatorial Guinea,64.8,0.132354665123789,1487.3165506701,406.0,1.22260201,7.444,106.2,53.395,5.26428495953201,38.8154587133988,2000
GNQ,Equatorial Guinea,64.9,0.16526042288306,1948.61145907844,388.0,1.32559299,7.551,103.3,53.827,6.41008323195062,38.8638365386531,2001
GNQ,Equatorial Guinea,64.9,0.321197997152044,2264.21065580365,364.0,2.88730073,7.646,100.3,54.324,6.2200195333548,39.1969150391705,2002
GNQ,Equatorial Guinea,64.9,0.520524272046806,2930.60183743733,343.0,1.97185338,7.701,97.2,54.791,6.06631754137354,39.895902485648,2003
GNQ,Equatorial Guinea,64.9,0.843930284607049,4901.30127408119,323.0,1.58463597,7.658,94.0,55.307,5.95846501494265,40.9304009672368,2004
GNQ,Equatorial Guinea,65.0,1.149799943,8673.9026086535,312.0,1.42048728,7.667,90.7,55.766,5.13840208613784,42.2814597171299,2005
GNQ,Equatorial Guinea,65.1,1.279199958,10184.8841248541,299.0,1.41217864,7.612,87.2,56.354,4.43647900593476,43.9301279685204,2006
GNQ,Equatorial Guinea,65.1,1.557100058,12616.9532942011,289.0,1.42080677,7.592,83.6,56.857,4.51135451899463,45.8574549546013,2007
GNQ,Equatorial Guinea,65.2,1.820000052,18210.5552970599,276.0,1.23333216,7.571,80.3,57.384,4.57370994415875,48.0444899085658,2008
GNQ,Equatorial Guinea,65.4,2.130000114,13232.5019378102,267.0,1.87389886,7.702,77.1,57.881,4.60787133294314,50.4722820636069,2009
GNQ,Equatorial Guinea,66.1,6.0,13720.1658723222,259.0,1.73363662,7.847,74.3,58.344,4.59586770504622,53.1218806529176,2010
GNQ,Equatorial Guinea,66.1,11.5,17198.2136668275,254.0,1.54309607,7.837,71.7,58.827,4.34060206449919,55.9743349096911,2011
GNQ,Equatorial Guinea,65.7,13.94320011,17308.5723924575,245.0,1.62290311,7.761,69.3,59.301,4.07484554769573,59.0106940671203,2012
GNQ,Equatorial Guinea,65.9,16.39999962,16304.0713196418,236.0,1.75622749,7.675,67.1,59.784,3.99605995538999,62.2120073583984,2013
GNQ,Equatorial Guinea,66.0,18.86000061,15548.6624656619,227.0,1.868559,7.669,65.0,60.228,3.90501924555756,65.5593240167184,2014
GNQ,Equatorial Guinea,66.1,21.31999969,9068.91003238645,222.0,2.45693421,7.778,62.9,60.635,3.79160484192286,68.951270615355,2015
GNQ,Equatorial Guinea,66.2,23.78000069,7453.19797948517,216.0,2.97177482,7.798,60.9,61.081,3.66421838047825,69.253269853051,2016
GNQ,Equatorial Guinea,66.4,26.23999977,7809.10465655488,212.0,2.86121631,7.843,59.1,61.481,3.53129362583944,69.5516019132985,2017
GNQ,Equatorial Guinea,66.5,29.39999962,8102.47084834031,204.0,2.92214823,7.818,57.2,61.915,3.39945242088076,69.8396623666175,2018
GNQ,Equatorial Guinea,66.6,49.13370132,6804.14923073888,198.0,3.27948833,7.917,55.7,62.297,3.271454421427,70.1175419547293,2019
GNQ,Equatorial Guinea,66.7,55.00130081,5764.05502912947,196.0,3.70560718,8.625,53.9,62.141,2.73390823188935,70.3853314193247,2020
GNQ,Equatorial Guinea,66.8,58.71730042,6945.63069794539,202.0,3.5103004,8.821,52.2,62.447,2.43551071649529,70.6431215020592,2021
GNQ,Equatorial Guinea,67.0,63.65950012,7589.29964909381,183.0,2.83726358,8.334,50.7,63.355,2.5130374213272,70.8910029445467,2022
GNQ,Equatorial Guinea,66.9,63.51950073,6788.35271638376,174.0,3.49941635,8.218,49.2,63.707,2.41057232825781,71.1290664883517,2023
KEN,Kenya,15.2,0.318059713612037,414.626365130846,206.0,3.62451434,2.884,63.7,56.084,3.01293994477925,19.4553832211834,2000
KEN,Kenya,17.0,0.619782266151425,410.700452474814,188.0,3.74002314,2.876,61.2,56.501,3.13629206541925,20.4416297068833,2001
KEN,Kenya,18.9,1.20777388492125,402.936385605382,182.0,3.82159472,2.916,58.3,56.759,3.14626442047843,21.8586568137501,2002
KEN,Kenya,16.0,2.94190286101524,442.898457253405,177.0,4.03365707,2.869,55.5,57.369,3.08528898836117,23.563889811899,2003
KEN,Kenya,22.6,3.0235280420962,463.662781300121,177.0,4.21159506,2.844,52.6,57.947,3.10482476419105,25.4147539714454,2004
KEN,Kenya,24.5,3.101900101,523.456312433863,178.0,4.2174139,2.739,49.5,58.51,3.07223123352542,27.2686745625048,2005
KEN,Kenya,26.4,3.599999905,699.80237063381,188.0,5.0134387,2.673,47.0,59.059,3.04704867411558,28.9830768551925,2006
KEN,Kenya,28.3,4.400000095,840.201439476765,198.0,5.12358475,2.642,45.0,59.407,3.02220921188685,30.4153861196239,2007
KEN,Kenya,30.3,5.199999809,915.54435473604,197.0,5.19050598,2.751,42.6,59.955,3.02964938264436,31.4230276259143,2008
KEN,Kenya,23.0,6.1,1047.9678324485,208.0,5.29172945,2.816,42.1,60.483,3.0211086032266,31.8603086707305,2009
KEN,Kenya,19.2,7.2,1091.51873101194,210.0,5.38849831,2.793,41.5,60.915,2.90158845467743,31.8713287706458,2010
KEN,Kenya,36.2,8.800000191,1096.14499807675,209.0,5.20212841,2.699,41.0,61.283,2.75013743696978,31.8673949025409,2011
KEN,Kenya,38.1,10.5,1285.00536171512,214.0,5.0180583,2.678,41.1,61.537,2.6080744180495,31.8558130142761,2012
KEN,Kenya,40.1,13.0,1370.87885214659,206.0,4.93100405,2.762,40.7,61.729,2.47210752389349,31.8324454433988,2013
KEN,Kenya,36.0,16.5,1482.81566253497,203.0,4.91267347,2.767,40.0,61.99,2.33901192230694,31.7931545274563,2014
KEN,Kenya,41.6,16.5878548475992,1489.11959777284,203.0,4.76439571,2.762,38.9,62.279,2.2270329432256,31.7338026039958,2015
KEN,Kenya,53.1,16.6,1554.12610314423,196.0,4.75429106,2.757,38.4,62.526,2.20775684612709,31.6502520105647,2016
KEN,Kenya,55.8,17.82710075,1667.48447230835,186.0,3.98597503,3.542,38.2,62.725,2.17412854990493,31.5383650847102,2017
KEN,Kenya,61.2,19.5,1836.45275528993,183.0,4.09903383,4.284,37.5,62.825,2.03083744189606,31.3940041639796,2018
KEN,Kenya,69.7,22.6687733618171,1960.40808854893,176.0,4.36874676,5.014,37.0,62.939,1.96381549826771,31.1895566421135,2019
KEN,Kenya,71.5,24.7227993,1927.66459027849,184.0,4.49248886,5.613,36.5,61.596,1.96197633664853,31.2063494632616,2020
KEN,Kenya,76.5,26.96290016,2061.35622089594,183.0,4.56992722,5.693,36.0,61.225,1.90040858948898,31.2879334021971,2021
KEN,Kenya,76.0,29.40589905,2109.56288513137,155.0,4.32241869,5.565,35.5,63.549,1.92297608206469,31.4307820066946,2022
KEN,Kenya,76.2,32.07040024,1942.58802756191,149.0,4.35172892,5.409,34.7,63.646,1.98296028478422,31.6330340816429,2023
LBR,Liberia,,0.0177027057169472,298.485340578945,786.0,2.69215393,2.018,125.5,51.852,3.70256844774732,43.7710042955819,2000
LBR,Liberia,,0.033812227177592,300.463828598983,720.0,2.15581036,2.104,117.5,53.109,2.9352375714594,44.1509656015089,2001
LBR,Liberia,,0.0327133071190699,299.536445539621,700.0,2.16462922,2.222,109.5,54.061,2.60055374367034,44.566701526991,2002
LBR,Liberia,,0.0318689345450327,239.779556677091,759.0,2.51847482,2.42,102.0,53.045,0.79655231018503,45.0004573003041,2003
LBR,Liberia,,0.0310111848040233,284.140223992458,645.0,5.90509653,2.424,95.0,55.949,1.19050087276777,45.4344781497244,2004
LBR,Liberia,,0.551400006,287.487333441381,619.0,6.69497347,2.413,89.0,56.765,4.46419976403406,45.8510093035277,2005
LBR,Liberia,,0.529999971,320.55808618515,647.0,5.77426577,2.28,83.8,57.495,5.58972152870902,46.2322959899902,2006
LBR,Liberia,3.0,0.551400006,374.211308104278,659.0,4.32884932,2.232,79.8,58.147,4.98055607463838,46.6104850769043,2007
LBR,Liberia,1.3,0.529999971,451.713856283285,663.0,5.99615717,2.221,76.5,58.675,4.05801806274783,47.1080497871025,2008
LBR,Liberia,1.9,2.0,448.386367025545,674.0,8.98514843,2.241,73.8,59.106,3.14360024630264,47.6245255922562,2009
LBR,Liberia,5.3,2.3,492.252808033724,712.0,8.43860245,2.266,71.7,59.358,2.89605811562763,48.1407517057907,2010
LBR,Liberia,4.1,2.5,568.087865520004,726.0,8.58399582,2.211,69.9,59.486,3.92046987945605,48.6583302770849,2011
LBR,Liberia,9.3,2.599999905,638.368751462083,728.0,7.62987185,2.146,68.3,59.785,3.53448694358844,49.1773247639526,2012
LBR,Liberia,9.8,3.200000048,710.744570927863,725.0,7.15610409,2.08,67.0,59.992,2.19827693086756,49.6977986242077,2013
LBR,Liberia,9.4,5.409999847,706.714490064507,801.0,8.09817886,2.079,68.0,59.21,2.08217532534285,50.2198153156642,2014
LBR,Liberia,15.2,10.0,692.590082351257,784.0,10.38244438,2.557,65.1,59.248,2.06297096669961,50.7434382961363,2015
LBR,Liberia,17.7,15.69999981,714.613063145659,690.0,9.88514519,3.081,64.2,60.483,2.04312155500225,51.2687310234384,2016
LBR,Liberia,24.2,16.29999924,699.269095727404,703.0,9.91087437,3.067,63.7,60.777,1.94324776688719,51.7957569553849,2017
LBR,Liberia,22.8,17.27770042,692.203127129794,707.0,10.43527889,3.058,63.4,60.999,1.95645231379837,52.3245795497906,2018
LBR,Liberia,23.1,19.89579964,658.164180770507,689.0,8.38325977,3.071,63.3,61.232,1.98225492944197,52.85526226447,2019
LBR,Liberia,27.6,22.91069984,616.787867006715,664.0,12.90504265,4.102,63.4,61.267,2.07483340649162,53.3878685572381,2020
LBR,Liberia,29.8,26.38229942,667.96610514319,667.0,13.27175999,3.844,63.5,61.166,2.11098738475006,53.9224618859098,2021
LBR,Liberia,31.8,30.38010025,744.617175237387,634.0,13.58819675,2.956,63.6,61.934,2.14388170425267,54.4591057083,2022
LBR,Liberia,32.5,31.22410011,799.194470229642,628.0,13.00574875,2.905,63.6,62.163,2.20390696065654,54.997863482224,2023
LSO,Lesotho,4.3,0.211806070361977,442.779545779081,413.0,5.15633392,16.169,74.8,48.783,0.0338894483530851,19.3273988558381,2000
LSO,Lesotho,1.3,0.261150063093855,412.677473676821,465.0,6.59075689,16.081,75.5,47.153,-0.152817947191406,19.8975236019886,2001
LSO,Lesotho,3.4,1.08394313737534,388.92334985135,484.0,5.8607502,16.079,76.4,45.95,-0.30904544946415,20.4926272688562,2002
LSO,Lesotho,5.4,1.53249659019509,583.270036200288,508.0,5.33754826,16.056,77.1,44.921,-0.483449852068026,21.1231084926925,2003
LSO,Lesotho,6.8,2.17552433931097,766.685820928242,499.0,5.24658537,16.154,77.8,44.039,-0.704216157980622,21.7993659097494,2004
LSO,Lesotho,9.6,2.580199957,861.381496414995,549.0,4.67452669,16.031,78.9,43.611,-0.920090941162442,22.5317981562788,2005
LSO,Lesotho,9.7,2.97970818724486,925.467485502842,696.0,5.40532398,16.054,79.6,43.182,-0.411119833657806,23.3329886243114,2006
LSO,Lesotho,13.9,3.44543125970873,861.188420899563,891.0,7.22251844,15.942,79.0,43.66,0.420949997112671,24.2187949905661,2007
LSO,Lesotho,16.0,3.58,898.482517882593,1205.0,7.66648197,15.851,83.9,44.304,0.677229463442686,25.1966303659683,2008
LSO,Lesotho,17.0,3.72,878.847950537772,1387.0,8.9529829,16.115,77.6,45.055,0.726654299508152,26.2591028264855,2009
LSO,Lesotho,17.0,3.859999895,1119.47557793042,1311.0,7.4048481,16.068,73.6,46.045,0.772821659424366,27.4004815007995,2010
LSO,Lesotho,22.5,7.0,1280.73390931581,1210.0,8.99487114,16.115,70.9,46.93,0.885634151913232,28.6150355175921,2011
LSO,Lesotho,20.6,10.0,1217.93071228944,1000.0,9.98601341,15.761,71.0,48.235,1.00510607755205,29.8970340055453,2012
LSO,Lesotho,26.9,15.0,1151.03735837227,855.0,10.97986031,15.926,71.4,49.547,1.08291299578498,31.2407460933407,2013
LSO,Lesotho,27.8,22.0,1173.5377928819,707.0,9.98823929,16.066,70.3,50.786,1.14032275206417,32.6404409096604,2014
LSO,Lesotho,31.8,25.0,1121.19851342518,594.0,9.25280476,16.223,69.0,51.83,1.17199706979444,34.0903875831861,2015
LSO,Lesotho,35.1,32.4538569477365,992.491840678465,518.0,9.19744301,16.138,68.2,52.908,1.21894302061673,35.5077950709441,2016
LSO,Lesotho,33.7,39.0,1069.36673247542,468.0,10.52956581,16.379,68.0,53.874,1.24492806980041,36.5283648068846,2017
LSO,Lesotho,47.0,40.79999924,1170.65569702819,491.0,11.12637329,16.614,65.2,54.638,1.22069019410404,37.569092747415,2018
LSO,Lesotho,44.6,42.301733569273,1082.05706777516,467.0,21.92373085,16.876,63.5,55.249,1.17469837087993,38.6040920446259,2019
LSO,Lesotho,47.5,43.65750122,918.582574704447,529.0,10.40836906,18.385,62.1,55.133,1.18432063043163,39.6329305425532,2020
LSO,Lesotho,50.4,45.05670166,1066.58645143823,577.0,10.66165733,18.214,61.1,54.209,1.14804266920884,40.6551760851997,2021
LSO,Lesotho,50.0,48.06959915,1030.12582947757,477.0,12.89569187,16.623,59.9,56.812,1.08048016923391,41.6703965165322,2022
LSO,Lesotho,57.3,48.98590088,921.435141557056,478.0,12.61182117,16.348,58.4,57.375,1.10328678263994,42.6781596804785,2023
MDG,Madagascar,12.6,0.196394691006341,280.282905559649,638.0,3.99177623,5.8,65.4,57.974,3.17297260783499,25.0095755608264,2000
MDG,Madagascar,14.8,0.222511586178292,319.283278235657,611.0,4.11513853,5.35,62.9,58.674,3.0798984770565,25.3079943968146,2001
MDG,Madagascar,14.0,0.339720154596142,304.941777398445,593.0,4.92866945,5.515,60.5,59.17,2.9899935045994,25.6037489918904,2002
MDG,Madagascar,20.3,0.423252419277809,352.620095849925,571.0,5.00276566,5.01,58.3,59.693,2.93067077025108,25.8967668078478,2003
MDG,Madagascar,15.3,0.525353654946669,272.20074858856,555.0,5.25090027,3.951,56.2,60.168,2.91610861061954,26.1869753064804,2004
MDG,Madagascar,16.0,0.567700028,305.812074924388,540.0,5.21557808,2.62,54.1,60.664,2.92926937068758,26.4743019495822,2005
MDG,Madagascar,16.8,0.607599974,324.146874882604,528.0,5.07203865,2.945,52.2,61.14,2.93769107946479,26.7586741989468,2006
MDG,Madagascar,17.5,0.649999976,419.548001431865,522.0,4.60865784,3.202,50.3,61.533,2.93494950819065,27.0400195163682,2007
MDG,Madagascar,18.3,1.649999976,512.579800058444,510.0,4.08111811,3.431,48.7,61.992,2.93532927308935,27.31826536364,2008
MDG,Madagascar,17.4,1.629999995,446.315238370592,507.0,4.38469839,3.885,47.3,62.304,2.93604117284744,27.5933392025561,2009
MDG,Madagascar,12.3,1.700000048,450.009391645726,500.0,4.69762659,4.28,46.2,62.597,2.90919662127516,27.8651684949103,2010
MDG,Madagascar,14.3,1.899999976,506.163691559309,492.0,4.521595,2.516,45.2,62.86,2.83965714379658,28.1336807024963,2011
MDG,Madagascar,18.7,2.299999952,493.511162904211,487.0,3.91105914,0.599,44.5,63.007,2.76626312576328,28.3988032871081,2012
MDG,Madagascar,12.9,3.0,515.301589361832,481.0,3.75156307,0.995,44.1,63.161,2.71964840033078,28.6604637105393,2013
MDG,Madagascar,23.0,3.700000048,505.684922503435,477.0,4.46240282,1.385,43.8,63.261,2.68077948175383,28.9185894345838,2014
MDG,Madagascar,23.8,4.173999786,445.320069480568,474.0,5.0062542,1.785,43.6,63.362,2.63948434650119,29.1731079210354,2015
MDG,Madagascar,22.9,4.713699818,453.970714522463,470.0,5.33248854,1.949,43.6,63.431,2.61335935661539,29.4239466316878,2016
MDG,Madagascar,24.1,6.406000137,491.866848718929,469.0,4.80225945,2.123,43.7,63.433,2.60345495087599,29.671033028335,2017
MDG,Madagascar,36.5,7.747799873,500.45718552916,466.0,4.22160387,2.303,43.9,63.491,2.60334538024635,29.9181125346909,2018
MDG,Madagascar,31.0,9.379400253,499.818837622534,462.0,3.10129309,2.479,44.1,63.504,2.60136633480103,30.3046972370204,2019
MDG,Madagascar,32.0,11.35470009,450.771615205157,447.0,3.72316122,3.292,44.3,62.706,2.56778870397591,30.7019474167548,2020
MDG,Madagascar,35.1,13.74590015,483.469463351195,467.0,3.55335546,3.498,44.4,62.516,2.51537360931706,31.1137123216036,2021
MDG,Madagascar,36.1,17.81170082,504.059106969168,439.0,3.14948058,3.186,44.1,63.068,2.48207836172625,31.5397813465886,2022
MDG,Madagascar,39.4,18.24080086,514.064076551927,445.0,3.42822957,3.044,43.7,63.632,2.46201530433165,31.9799438860946,2023
MLI,Mali,9.6,0.142545755049184,304.652870189314,741.0,5.4663372,1.412,103.1,50.605,2.91308874187569,18.977631037325,2000
MLI,Mali,10.8,0.185897413256084,346.224554248587,694.0,4.51952076,1.332,99.9,51.3,3.00701165563643,19.3181950112665,2001
MLI,Mali,13.0,0.2270455784917,378.191678628068,649.0,4.99775982,1.36,96.8,51.995,3.10676861781848,19.6792980362731,2002
MLI,Mali,14.7,0.310364443230575,441.910358475171,616.0,5.05061436,1.272,93.8,52.632,3.17894001404545,20.0594231247985,2003
MLI,Mali,16.4,0.432819639900985,495.006294675661,592.0,5.21768713,1.413,91.0,53.253,3.23794608826987,20.4570532892964,2004
MLI,Mali,18.2,0.507099986,548.730382848879,577.0,5.19517279,1.367,88.3,53.792,3.27522299158149,20.8706715422205,2005
MLI,Mali,16.6,0.729600012,586.985415512593,568.0,5.4559021,1.395,85.8,54.305,3.2804387949943,21.2987608960246,2006
MLI,Mali,21.7,0.81,670.853394978069,574.0,5.2530427,1.372,83.4,54.756,3.28796078422057,21.7398043631622,2007
MLI,Mali,23.4,1.57,767.194838946144,573.0,5.02688074,1.383,81.1,55.187,3.2862188900418,22.1922849560871,2008
MLI,Mali,24.0,1.799999952,787.48256428259,565.0,5.21225691,1.406,78.9,55.588,3.25780569403424,22.6557955217884,2009
MLI,Mali,27.0,2.0,797.151541141189,558.0,4.67867136,1.375,76.7,55.993,3.2485140091385,23.1359461824894,2010
MLI,Mali,28.8,2.2,938.292902579598,553.0,4.01485014,1.403,74.5,56.367,3.23250831038309,23.6379674039304,2011
MLI,Mali,25.6,2.799999952,872.506092463946,549.0,3.7521801,1.462,72.4,56.696,2.91998728475051,24.1606168848588,2012
MLI,Mali,32.4,3.5,901.920957649814,525.0,3.96408582,1.517,70.3,57.052,2.92078257453733,24.7033626854883,2013
MLI,Mali,34.2,7.0,947.915033293219,507.0,4.48158312,1.476,68.2,57.482,3.16065691731413,25.2656728660325,2014
MLI,Mali,37.6,10.32999992,838.11986940103,490.0,4.11143351,1.404,66.1,57.852,3.1289280097663,25.847015486705,2015
MLI,Mali,38.8,14.0,872.468587171653,472.0,3.77377558,1.367,64.0,58.286,3.16701291267986,26.4468586077195,2016
MLI,Mali,34.8,18.89999962,924.057531692284,453.0,3.67425752,1.498,61.9,58.562,3.18823649379751,27.0646702892896,2017
MLI,Mali,50.9,21.39999962,996.379292136901,434.0,3.73251104,1.62,59.7,58.873,3.1254232369578,27.6999185916288,2018
MLI,Mali,47.9,24.96030045,971.949318638092,416.0,3.82943797,3.29,57.6,59.217,3.01814494306617,28.3520715749509,2019
MLI,Mali,50.6,29.11300087,953.242943290974,405.0,3.50623369,3.528,55.4,58.858,3.01751361469378,29.0205972994693,2020
MLI,Mali,53.4,33.95650101,1027.27345365357,415.0,3.54318666,4.006,53.3,59.116,3.06035796580474,29.7049638253978,2021
MLI,Mali,53.0,35.19919968,976.914116406452,381.0,3.72170115,2.387,51.2,60.035,3.00942592606239,30.4015705681899,2022
MLI,Mali,54.5,36.03879929,1042.44223444837,367.0,3.81316996,2.947,49.3,60.439,2.97400537620334,31.0031889023235,2023
MOZ,Mozambique,6.1,0.109592530041641,327.12623979157,547.0,2.14253044,2.832,106.9,49.476,2.20366517231952,29.2423697311441,2000
MOZ,Mozambique,5.7,0.160031946644069,304.792138621913,473.0,2.80098224,2.838,100.8,50.259,2.22591756896921,29.4137097764239,2001
MOZ,Mozambique,8.4,0.259612611253739,313.886661721198,398.0,3.18652654,2.902,95.2,50.879,2.24357740312433,29.5686323334348,2002
MOZ,Mozambique,8.1,0.419538843913707,339.488737800648,360.0,3.25095367,2.857,90.0,51.383,2.26412694670583,29.7146340268639,2003
MOZ,Mozambique,10.7,0.679447835392438,400.056973161545,321.0,3.53062654,2.953,85.1,51.855,2.28307737180822,29.8592114813982,2004
MOZ,Mozambique,11.8,0.854399979,436.773856167384,301.0,4.21435642,3.035,80.5,52.322,2.31300566720779,30.0098613217248,2005
MOZ,Mozambique,13.0,0.842954488044236,457.487647833183,298.0,3.94559026,3.037,76.0,52.748,2.3486041998682,30.1740801725307,2006
MOZ,Mozambique,12.4,0.91,507.874923914304,327.0,3.79955554,3.082,70.1,53.255,2.37944111058302,30.3598131347122,2007
MOZ,Mozambique,13.6,1.56,592.159111184122,365.0,4.13496828,3.112,67.4,53.799,2.46564120587285,30.5625357695184,2008
MOZ,Mozambique,15.0,2.68,547.697144193651,352.0,5.05562353,3.207,63.9,54.4,2.59095643753164,30.7715592059159,2009
MOZ,Mozambique,18.9,4.17,496.185839392659,305.0,5.29249668,3.259,63.6,55.04,2.67685903538336,30.9861779822921,2010
MOZ,Mozambique,20.2,4.599999905,618.17649286789,268.0,4.9217639,3.295,59.8,55.733,2.78615253564474,31.2062230032794,2011
MOZ,Mozambique,21.2,5.0,685.685748199513,218.0,5.14035702,3.304,57.1,56.46,2.87101074780924,31.4315251735105,2012
MOZ,Mozambique,22.4,5.5,686.505672517351,196.0,6.04556036,3.345,56.1,57.189,2.89055494992619,31.6619153976179,2013
MOZ,Mozambique,24.8,6.0,697.142680444123,210.0,6.24013042,3.377,55.1,57.965,2.89895498583923,31.8972245802342,2014
MOZ,Mozambique,24.0,6.5,610.563774706589,216.0,6.60972881,3.426,53.8,58.711,2.90106067133475,32.1372836259918,2015
MOZ,Mozambique,26.2,7.0,441.489734819071,202.0,7.21501875,3.65,52.8,59.455,2.93066434696089,32.3819234395234,2016
MOZ,Mozambique,24.3,7.7963266079129,470.93856305196,187.0,7.80532169,3.935,51.4,60.148,2.98845927899068,32.6274411492675,2017
MOZ,Mozambique,31.1,10.89999962,517.507260258101,159.0,7.97903347,4.21,50.3,60.79,2.98089902972538,32.9902559073541,2018
MOZ,Mozambique,29.7,12.47929955,519.09255091362,134.0,7.90207434,4.462,49.2,61.306,2.9397415898529,33.4177241517032,2019
MOZ,Mozambique,30.6,14.28740025,462.433876479921,123.0,7.55190039,5.019,48.6,61.39,2.96490034295304,33.9044006416285,2020
MOZ,Mozambique,31.5,16.35759926,509.907829475551,180.0,8.64841366,5.413,47.1,60.268,2.9577768101764,34.4499259401554,2021
MOZ,Mozambique,33.2,18.96220016,578.273222184503,104.0,8.24868107,6.789,45.9,63.011,2.9473431712575,35.0536638047945,2022
MOZ,Mozambique,36.0,19.94560051,622.191133245967,99.0,8.50126553,6.661,44.9,63.611,2.95358093047219,35.7149783148407,2023
MRT,Mauritania,19.1,0.192031462434805,680.911061879778,644.0,3.37824655,10.03,67.3,61.044,2.78353822069134,38.0555858542174,2000
MRT,Mauritania,22.2,0.261448551967195,651.817840199777,616.0,3.5718379,10.132,64.7,61.662,2.46862570579989,38.1070763150421,2001
MRT,Mauritania,21.7,0.363229414608579,648.879643934862,590.0,4.00224972,10.201,61.7,62.249,2.2112923085405,38.3900378438208,2002
MRT,Mauritania,23.0,0.424004895843197,732.017820812675,571.0,4.03254652,9.911,58.5,62.805,2.28829406566231,38.8866922319919,2003
MRT,Mauritania,24.3,0.481470438230954,823.554457141893,557.0,3.70429492,9.77,55.3,63.369,2.34965515386841,39.5685575664461,2004
MRT,Mauritania,18.2,0.670000017,998.96583416747,536.0,3.40312648,9.59,52.2,63.92,2.42430459268211,40.407151934074,2005
MRT,Mauritania,27.0,0.979700029,1300.60367988659,521.0,2.70252752,9.313,49.4,64.493,2.50658248493226,41.3739934217664,2006
MRT,Mauritania,33.0,1.433599949,1405.15016203368,516.0,2.87644005,9.482,47.2,64.885,2.60052819123955,42.4406001164139,2007
MRT,Mauritania,30.0,1.870000005,1635.5630623124,506.0,3.01338983,9.715,45.3,65.233,2.87480873438379,43.5784901049073,2008
MRT,Mauritania,31.1,2.279999971,1435.43010811893,500.0,3.11034036,10.214,43.9,65.485,3.12899450909418,44.7591814741371,2009
MRT,Mauritania,34.2,4.0,1659.96369705455,499.0,2.63618922,10.093,42.7,65.661,3.19159403639576,45.9541923109942,2010
MRT,Mauritania,35.3,4.5,1931.19975525465,494.0,2.47383666,9.976,41.8,65.754,3.24512473547367,47.1350407023691,2011
MRT,Mauritania,36.4,5.0,1859.11733247641,496.0,2.64919329,9.864,41.0,65.808,3.26413503920642,48.2732447351525,2012
MRT,Mauritania,37.6,6.199999809,1936.26950446101,496.0,2.86799884,9.926,40.2,65.89,3.135806545909,49.3553973225913,2013
MRT,Mauritania,38.8,11.80000019,1718.97089374709,484.0,3.46724391,10.026,39.3,66.207,3.01218949095495,50.4694791226856,2014
MRT,Mauritania,39.5,17.60000038,1558.84205473416,469.0,3.67363763,10.104,38.5,66.498,3.00605924056849,51.6680350049622,2015
MRT,Mauritania,41.2,19.23279953,1568.00551190332,456.0,3.18699503,10.287,37.6,66.823,2.99795842489143,52.9185627319946,2016
MRT,Mauritania,42.9,21.01720047,1617.93401542267,450.0,3.41947556,10.336,36.7,67.088,2.98778789331469,54.1970448502004,2017
MRT,Mauritania,43.6,22.96699905,1723.37809442655,437.0,2.88362551,10.411,35.8,67.419,2.97356403059489,55.1305077000081,2018
MRT,Mauritania,44.9,25.0977993,1767.072710621,424.0,3.09176588,10.416,34.9,67.64,2.95347297852629,56.0596215779146,2019
MRT,Mauritania,45.4,29.90649986,1795.72437324423,413.0,3.00147843,11.051,33.9,66.794,2.92092559048913,56.9836701058893,2020
MRT,Mauritania,47.7,35.63660049,1947.47413907209,425.0,3.78022528,11.131,33.0,66.762,2.88703345850902,57.901535141641,2021
MRT,Mauritania,49.0,42.46450043,1961.28166648869,385.0,4.66962671,10.52,32.1,68.281,2.92956466448208,58.8120996197226,2022
MRT,Mauritania,50.3,44.95629883,2127.9576285973,381.0,4.34333467,10.37,31.1,68.484,2.96653079197429,59.7142464747058,2023
MUS,Mauritius,99.0,7.28153511499385,3981.98343249582,43.0,2.85734653,9.125,16.5,71.6634146341463,0.982676166064297,42.063123063288,2000
MUS,Mauritius,99.2,8.78090401892036,3908.55694927435,42.0,2.92151856,9.14,15.4,71.7658536585366,0.790047581068153,41.8827214180181,2001
MUS,Mauritius,99.4,10.252624671916,4073.06053055903,42.0,3.18897271,8.205,14.6,71.9658536585366,0.694240135210974,41.6986829938864,2002
MUS,Mauritius,99.1,12.1871062041308,4858.26575549747,42.0,3.18201613,8.318,14.1,72.1170731707317,0.723661765578573,41.5127065251754,2003
MUS,Mauritius,99.0,13.6890885885342,5460.60800184198,43.0,3.31652546,8.337,13.8,72.2658536585366,0.627103982385528,41.3265540022042,2004
MUS,Mauritius,99.0,15.1722002,5354.02974260642,43.0,3.51794028,9.524,13.7,72.4321951219512,0.592099659929956,41.1419874152917,2005
MUS,Mauritius,99.0,16.7,5784.22491883026,45.0,3.60573649,9.04,13.5,72.4321951219512,0.466403525955087,40.9607687547567,2006
MUS,Mauritius,99.0,20.22,6677.37538616398,46.0,3.52321672,8.475,13.3,72.5707317073171,0.455526400702738,40.7846600109183,2007
MUS,Mauritius,99.0,21.81,8140.47983639243,48.0,3.93896508,7.17,13.2,72.5707317073171,0.361630847401639,40.6154231740954,2008
MUS,Mauritius,99.0,22.51,7426.86137313939,51.0,4.17035627,7.257,13.1,72.8824390243903,0.265537672832765,40.4548202346069,2009
MUS,Mauritius,99.4,28.33,8113.17670740212,53.0,4.51898289,7.654,13.0,72.9673170731707,0.237886692890185,40.3046131827718,2010
MUS,Mauritius,99.6,34.95000076,9324.24232310496,55.0,4.25059652,7.447,13.1,73.2668292682927,0.160140420765724,40.1665923228716,2011
MUS,Mauritius,99.4,35.42,9421.52514098225,55.0,4.21993399,7.472,13.2,73.8634146341464,0.277321025514609,40.0369511615085,2012
MUS,Mauritius,99.4,40.116825135,9877.13865958834,58.0,4.620821,7.322,13.2,74.0170731707317,0.242165626741126,39.9108848558771,2013
MUS,Mauritius,99.5,44.8032753683379,10490.3315563853,60.0,5.38024664,7.467,13.0,74.1943902439024,0.181022097854624,39.7887571971735,2014
MUS,Mauritius,99.6,50.1393184766711,9630.5437837507,61.0,5.55042362,7.41,12.9,74.3531707317073,0.132404330287967,39.6709610617726,2015
MUS,Mauritius,99.7,52.19129944,10095.1225574156,62.0,5.54289532,6.814,13.0,74.3948780487805,0.0687082325715694,39.5578893260494,2016
MUS,Mauritius,99.6,55.4032403002657,10986.7034093005,66.0,5.59857273,6.752,13.3,74.5146341463415,0.0901672663767558,39.4499348663789,2017
MUS,Mauritius,99.8,58.596169704299,11818.7480619272,67.0,5.60310221,6.426,13.7,74.4163414634146,0.0545354541381391,39.3474905591359,2018
MUS,Mauritius,100.0,61.7299551453346,11568.2533399824,67.0,5.69508171,6.331,14.0,74.2358536585366,0.0322330642925213,39.2509492806955,2019
MUS,Mauritius,99.5,67.73290684,9135.84773751062,58.0,6.09606028,8.626,14.1,74.1770731707317,0.00229068020969373,39.1607039074325,2020
MUS,Mauritius,99.6,71.59999847,9177.71195973013,80.0,6.6160841,7.719,14.1,73.680243902439,0.0252729878913446,39.077147315722,2021
MUS,Mauritius,100.0,75.5,10246.5017455553,61.0,5.84209728,6.322,13.9,73.5146341463415,-0.301401216835277,39.0000125885784,2022
MUS,Mauritius,100.0,79.5,11269.9684462139,66.0,5.56544495,5.571,13.8,73.4121951219512,-1.1051534726941,39.0039901092226,2023
MWI,Malawi,4.8,0.126780944756387,224.22415918428,506.0,2.35247517,5.045,98.9,46.17,2.39808527580859,14.6770603287659,2000
MWI,Malawi,5.2,0.164020725330811,215.474524898357,447.0,2.06040049,5.221,138.5,47.205,2.41939427546647,14.780400724713,2001
MWI,Malawi,5.6,0.21509472652259,428.210439838398,404.0,2.69725966,5.248,83.8,48.176,2.44868795908692,14.8722487440558,2002
MWI,Malawi,6.2,0.278815116302304,383.348596852642,346.0,3.32019806,5.165,76.4,49.601,2.50311318898405,14.9551384691108,2003
MWI,Malawi,6.9,0.347505334967577,404.674248445428,304.0,4.07199907,4.964,70.1,51.073,2.58631203946607,15.0316039821946,2004
MWI,Malawi,6.6,0.384499997,414.361121984475,283.0,4.30046511,4.935,65.1,52.469,2.67801100189358,15.1041793656241,2005
MWI,Malawi,3.7,0.425099999,440.822149023873,286.0,4.91223288,4.954,61.6,53.652,2.75507030698051,15.1753987017157,2006
MWI,Malawi,7.4,0.965864736553132,475.180261659331,333.0,5.44258356,4.876,59.1,54.687,2.82103771276785,15.2477960727861,2007
MWI,Malawi,7.8,0.7,554.048820396119,430.0,6.10668802,4.796,56.0,55.715,2.90426164632368,15.3238029928378,2008
MWI,Malawi,8.3,1.07,625.869729869625,512.0,5.87333822,4.732,53.7,56.714,2.95642545456471,15.4015312766848,2009
MWI,Malawi,8.7,2.26,683.124694716799,517.0,5.14304781,4.78,51.5,57.787,2.94779608735928,15.4776969380518,2010
MWI,Malawi,7.6,3.33,763.061000394572,486.0,5.32226658,4.829,48.0,58.859,2.91504427220952,15.5523153908723,2011
MWI,Malawi,7.4,4.350599766,558.46208832772,447.0,6.02199793,4.949,45.1,59.87,2.87064589887138,15.6253133040464,2012
MWI,Malawi,9.0,5.050000191,496.947368267313,410.0,8.22379494,4.978,42.6,60.816,2.83808966369485,15.6966173464742,2013
MWI,Malawi,11.9,5.829999924,529.5133440206,367.0,6.89776182,4.967,41.1,61.651,2.80479012384928,15.766154187056,2014
MWI,Malawi,10.8,6.0,539.605363240686,354.0,6.62879086,4.953,39.7,62.324,2.75359183453625,15.8338504946918,2015
MWI,Malawi,11.0,6.300000191,450.506105510719,312.0,7.72703791,5.011,39.1,63.163,2.72595787740448,15.899632938282,2016
MWI,Malawi,12.7,7.0,495.769683367165,284.0,7.58438921,5.046,38.5,63.914,2.70808949087835,15.9634281867266,2017
MWI,Malawi,18.0,8.798299789,533.202567189331,267.0,6.88249922,5.021,38.0,64.464,2.67117568591664,16.0221486554255,2018
MWI,Malawi,11.2,11.05860043,580.889139762475,260.0,6.37021732,4.964,38.3,64.995,2.65059567621331,16.1383746619001,2019
MWI,Malawi,11.5,13.89949989,602.507478176106,256.0,7.03859568,5.72,38.2,65.216,2.63573735113183,16.2961471756409,2020
MWI,Malawi,14.2,15.30300045,617.446994451007,286.0,7.5164628,5.652,38.3,64.782,2.59415828794597,16.4881925800694,2021
MWI,Malawi,14.0,16.84830093,604.269740360317,239.0,6.62527609,5.02,38.6,66.037,2.567947782963,16.7146031979436,2022
MWI,Malawi,15.6,17.98810346,633.214767978695,225.0,6.53459597,5.009,38.4,67.353,2.57135708610945,16.9748746665356,2023
NAM,Namibia,36.5,1.64473954726899,2156.67590512714,384.0,10.04545307,20.3,48.0,52.946,2.35219877188535,32.1168956399877,2000
NAM,Namibia,36.0,2.41697944170998,1915.58926594875,376.0,10.46567631,21.009,46.9,51.98,2.08953121470852,32.8575058425719,2001
NAM,Namibia,36.9,2.63369976876116,1772.07565537493,313.0,10.47871208,21.538,46.0,51.988,1.75728257510242,33.6459301456028,2002
NAM,Namibia,37.8,3.35983988553801,2569.24739317883,290.0,10.74474621,22.104,45.2,51.918,1.44425237074387,34.5460063719633,2003
NAM,Namibia,38.7,3.8047156152631,3403.15496192955,282.0,10.88543797,22.09,44.1,52.175,1.27571138513782,35.5356476670033,2004
NAM,Namibia,39.6,4.010000229,3685.77299991587,344.0,10.82506466,22.108,41.3,52.557,1.25364169808749,36.5870014553064,2005
NAM,Namibia,40.5,4.39887064732726,4017.1834716928,408.0,11.30290031,21.848,40.1,53.183,1.27859222127371,37.6722151614564,2006
NAM,Namibia,43.7,4.83561077833704,4379.04313682732,489.0,11.41372871,22.12,41.4,54.026,1.3321269140493,38.763436210037,2007
NAM,Namibia,42.4,5.32900377208954,4204.78555422749,537.0,10.67726994,22.005,43.2,54.74,1.39984615902945,39.8328120256318,2008
NAM,Namibia,44.1,6.5,4302.91374148376,547.0,9.90435314,22.271,44.8,55.347,1.47115601688196,40.8524900328246,2009
NAM,Namibia,44.4,11.6,5418.21633365814,531.0,10.62278938,22.12,43.7,56.093,1.54841464345813,41.7946176561991,2010
NAM,Namibia,42.3,12.0,5834.7917675794,498.0,10.86068344,19.481,44.2,56.647,1.71587072736176,42.6276075621535,2011
NAM,Namibia,46.4,12.94139957,5942.64680978673,439.0,10.20360184,16.771,46.9,57.733,2.22673258326321,43.3804079185694,2012
NAM,Namibia,47.4,13.89999962,5346.62131149967,402.0,10.08887577,19.028,45.8,58.468,2.60198589808047,44.1106769079132,2013
NAM,Namibia,48.4,14.84000015,5378.32326241205,369.0,8.4089098,18.521,44.9,59.311,2.61288080068243,44.8214248210559,2014
NAM,Namibia,51.6,25.68790054,4774.10650865775,307.0,9.98106289,20.791,45.3,60.008,2.65295870908636,45.5103554445325,2015
NAM,Namibia,49.7,31.0333004,4395.68776162376,250.0,9.32231045,23.352,45.3,60.81,2.69727890929136,46.1751725648784,2016
NAM,Namibia,52.5,36.83739853,5143.96072323076,213.0,8.71348476,21.748,44.3,61.661,2.73527353433315,46.8135799686288,2017
NAM,Namibia,52.3,42.8207016,5308.60813408705,198.0,8.62148285,19.877,43.8,62.579,2.77246337174234,47.4232814423189,2018
NAM,Namibia,53.3,49.77590179,4731.9210318831,175.0,8.85805798,19.929,42.8,63.546,2.79932223646079,48.0019807724839,2019
NAM,Namibia,52.3,57.8608017,3878.58982993966,143.0,9.56060219,21.003,41.6,64.071,2.91019887709682,48.547381745659,2020
NAM,Namibia,55.2,60.25999832,4412.8355693052,254.0,10.19644737,20.931,40.4,60.85,2.95314556354467,49.0571881483796,2021
NAM,Namibia,56.2,62.99720001,4349.79908493314,127.0,9.6219883,19.615,38.8,64.19,2.77600581415178,49.5291037671807,2022
NAM,Namibia,56.7,63.69549942,4225.99102418102,139.0,9.48251629,19.154,38.3,67.385,2.50947899094054,49.9545837830821,2023
NER,Niger,6.5,0.0362612938065891,194.771959898935,845.0,4.65891504,1.427,108.3,49.172,3.46716382832898,16.1307678222656,2000
NER,Niger,8.4,0.10518543139701,205.417936120931,843.0,4.72659349,1.47,104.1,49.872,3.50878624306039,16.2687225341797,2001
NER,Niger,8.8,0.127152468779619,225.294391147438,835.0,4.82717037,1.808,99.4,50.645,3.53148102432579,16.2687206268311,2002
NER,Niger,9.3,0.155698703668983,265.225363452469,813.0,4.74740648,2.145,94.4,51.545,3.5622769230714,16.2687225341797,2003
NER,Niger,9.7,0.189933733703092,283.468281798296,790.0,4.97818327,2.751,89.5,52.402,3.59824904350361,16.2687225341797,2004
NER,Niger,7.1,0.221300006,318.643121918273,764.0,5.87749624,3.1,84.9,53.32,3.62970414217364,16.2687225341797,2005
NER,Niger,9.3,0.294,333.345078419447,737.0,5.99335575,2.528,80.8,54.223,3.65709371425878,16.2675724894628,2006
NER,Niger,11.2,0.390399992,387.168065883301,704.0,5.43105888,2.021,77.3,55.063,3.68110827846052,16.2641887037781,2007
NER,Niger,11.8,0.7,475.044955398162,669.0,5.24640608,1.584,74.5,55.852,3.70203244818704,16.2586706998252,2008
NER,Niger,12.3,0.76,461.131533961487,647.0,5.33850145,1.208,72.4,56.487,3.71708044318123,16.2511180003032,2009
NER,Niger,13.6,0.829999983,474.425692340831,621.0,4.96100473,0.718,70.9,57.08,3.72535077368531,16.2416301279116,2010
NER,Niger,14.3,0.9,510.75956176268,585.0,4.87323856,0.316,70.0,57.6,3.72138303234104,16.2303066053496,2011
NER,Niger,14.4,1.049999952,528.510104469655,554.0,4.30732679,2.177,69.5,57.987,3.77324639644684,16.2141284004355,2012
NER,Niger,15.2,1.149999976,552.103334363117,526.0,4.46636009,1.401,69.2,58.364,3.75837207594511,16.2162595696064,2013
NER,Niger,15.7,1.24867568902241,565.30989731175,497.0,4.45377159,0.524,69.1,58.693,3.6892808045974,16.2450424611665,2014
NER,Niger,16.6,2.476200104,485.662574175279,473.0,5.34745932,0.556,69.1,58.85,3.69640590007582,16.3035606587493,2015
NER,Niger,17.0,4.322800159,499.910520068193,450.0,4.53239059,0.55,69.2,59.228,3.67426137513091,16.3898280543236,2016
NER,Niger,17.6,10.2243115586561,529.929418934868,433.0,5.57609606,0.556,69.3,59.524,3.56007044831691,16.5036987906896,2017
NER,Niger,17.6,10.74180031,576.927536415462,420.0,5.30310822,0.536,69.3,59.765,3.45088050525461,16.6449011799221,2018
NER,Niger,18.5,11.28549957,541.265819870273,406.0,5.66642094,0.531,69.3,60.031,3.36654855482346,16.813146499685,2019
NER,Niger,18.7,11.85680008,575.451340306915,388.0,6.17012262,0.591,69.1,59.89,3.29977391625444,17.0081420003794,2020
NER,Niger,18.6,12.45689964,609.585703670137,396.0,5.81452751,0.806,68.7,59.542,3.25425239869281,17.2295936666686,2021
NER,Niger,19.5,13.08749962,613.614736429298,361.0,4.34980488,0.403,68.0,60.398,3.25170642220024,17.477207007512,2022
NER,Niger,20.1,12.98079967,647.930108509567,350.0,4.04895782,0.407,66.9,61.183,3.29489175812772,17.7506873295237,2023
NGA,Nigeria,43.2,0.0640808079494101,547.318298903379,1136.0,3.1973834,3.953,94.9,47.143,2.67439784501828,43.2785051250243,2000
NGA,Nigeria,43.9,0.089901370457273,566.428231812933,1130.0,3.18946862,3.9,91.8,47.549,2.7163954653619,44.1262421418539,2001
NGA,Nigeria,44.6,0.320461975542327,712.164852077686,1117.0,2.49063969,3.669,88.6,48.02,2.74147056608815,44.9793025536893,2002
NGA,Nigeria,52.2,0.558576244860521,763.388745367223,1090.0,5.05360985,3.637,85.6,48.618,2.75673506428828,45.8372080921761,2003
NGA,Nigeria,46.1,1.28613764134527,962.48104194733,1075.0,4.63368416,3.59,82.7,49.148,2.77053967849452,46.6994804889599,2004
NGA,Nigeria,46.8,3.54915571796492,1211.37703504386,1060.0,4.46591949,3.727,80.0,49.538,2.76883385211034,47.5656414756863,2005
NGA,Nigeria,47.6,5.54503608300536,1599.53891556365,1067.0,4.25775146,3.749,77.7,49.876,2.76124698861505,48.424271994461,2006
NGA,Nigeria,50.1,6.769999981,1815.52697545827,1063.0,3.90997243,3.794,75.6,50.381,2.77180099910734,49.2357987173198,2007
NGA,Nigeria,50.3,8.0,2154.10543545364,1081.0,3.69581532,3.792,73.8,50.748,2.78453384410814,50.0505212312351,2008
NGA,Nigeria,50.0,9.300000191,1820.48633854782,1088.0,3.5801971,3.763,72.3,51.08,2.78730820935027,50.86453484762,2009
NGA,Nigeria,48.0,11.5,2202.25672957344,1094.0,3.29653287,3.744,71.1,51.315,2.795149361277,51.6778188255446,2010
NGA,Nigeria,55.9,13.80000019,2418.41316975875,1108.0,3.32077932,3.77,70.0,51.49,2.80278519998649,52.490352424079,2011
NGA,Nigeria,53.0,16.10000038,2633.19734671361,1124.0,3.35984254,3.761,69.1,51.688,2.77422930277333,53.302114902293,2012
NGA,Nigeria,55.6,19.10000038,2872.79083379398,1146.0,3.4206934,3.711,68.5,51.827,2.71468991073627,54.1130855192568,2013
NGA,Nigeria,54.2,21.0,3088.72131316169,1155.0,3.34840417,3.9,68.1,51.94,2.64221399374699,54.9232435340404,2014
NGA,Nigeria,52.5,22.51420021,2585.73360671797,1168.0,3.58194995,4.134,68.0,51.939,2.53617348598208,55.7325682057138,2015
NGA,Nigeria,59.3,24.13750076,2070.4127339595,1155.0,3.64773679,4.499,68.1,52.189,2.47183239057048,56.541038793347,2016
NGA,Nigeria,54.4,25.87789917,1876.34027111773,1142.0,3.74762511,4.83,68.3,52.397,2.43170936923065,57.3486345560101,2017
NGA,Nigeria,56.5,27.74370003,2057.87944554011,1118.0,3.09069347,5.069,68.7,52.669,2.31217263003389,58.1553347527729,2018
NGA,Nigeria,55.4,29.74410057,3189.81286496183,1091.0,2.98547053,5.206,69.1,53.009,2.1944019229433,58.9611186427056,2019
NGA,Nigeria,55.4,31.88879967,2797.184580679,1065.0,3.38063431,5.714,69.5,53.072,2.13029714344341,59.7659654848781,2020
NGA,Nigeria,59.5,35.50979996,2787.48779220991,1046.0,4.07625723,5.404,69.9,53.455,2.09618685225463,60.5698545383604,2021
NGA,Nigeria,60.5,39.14720154,2899.16047469267,1016.0,4.21020174,3.827,70.2,54.079,2.09281687128387,61.3727650622225,2022
NGA,Nigeria,61.2,40.06399918,2138.76383718757,993.0,4.19086456,3.074,70.1,54.462,2.09838916935738,62.1746763155343,2023
RWA,Rwanda,6.2,0.0628314595107164,251.86926386091,885.0,3.57583427,11.699,108.1,47.798,0.806991709703052,15.7804474645996,2000
RWA,Rwanda,4.7,0.240672409832383,237.308846200901,769.0,3.31599975,11.732,98.4,49.49,0.886774966312804,16.5487399668155,2001
RWA,Rwanda,6.0,0.292784718792575,234.043016755733,677.0,3.12787294,11.432,88.7,51.262,1.35537693210796,16.8778847116752,2002
RWA,Rwanda,7.4,0.356918467272361,249.012274982252,551.0,6.92888737,11.658,79.5,53.529,2.19817405049677,16.8947432312369,2003
RWA,Rwanda,8.7,0.43085424337006,269.540446333402,460.0,7.50856972,11.699,71.1,55.52,2.6429108159401,16.9020099536792,2004
RWA,Rwanda,4.8,0.555999994,324.016863847189,465.0,7.71997023,11.842,64.0,56.968,2.66009812240039,16.9072114459454,2005
RWA,Rwanda,11.4,,352.093916578347,494.0,7.60511971,11.586,58.1,58.342,2.66683575241351,16.9110139245047,2006
RWA,Rwanda,12.8,2.115400076,420.733580702508,494.0,7.86262226,11.58,53.2,59.504,2.66008171576066,16.9140836058266,2007
RWA,Rwanda,6.0,4.5,522.288339420679,454.0,7.55971909,11.517,49.1,60.641,2.62837643087324,16.9170867063804,2008
RWA,Rwanda,15.6,7.7,556.97399621739,418.0,7.79951382,11.625,45.7,61.813,2.57922030255665,16.9206894426355,2009
RWA,Rwanda,9.7,8.0,586.599950359877,393.0,8.08185482,11.637,42.6,62.804,2.52365134392041,16.9255580310614,2010
RWA,Rwanda,10.8,7.0,643.356138618166,358.0,7.93233776,11.756,39.3,63.476,2.45262873450153,16.9323586881273,2011
RWA,Rwanda,17.5,8.023900032,697.760143509565,331.0,8.1021471,11.671,37.4,64.189,2.39380128171382,16.9410248882148,2012
RWA,Rwanda,15.2,9.0,695.397140963607,317.0,6.77388763,11.768,35.9,64.651,2.40340085493768,17.0742206053612,2013
RWA,Rwanda,19.8,10.60000038,715.36808783393,301.0,6.98448992,11.837,34.7,65.088,2.41721473954366,17.5020716539756,2014
RWA,Rwanda,22.8,12.45600033,725.691418696952,292.0,6.65061283,11.831,33.9,65.419,2.39322566941773,18.1953149858416,2015
RWA,Rwanda,29.4,14.63710022,721.258515833094,278.0,5.968925,11.788,33.2,65.733,2.36997866838859,19.1213951786548,2016
RWA,Rwanda,34.1,17.2,751.049039527547,275.0,5.37623835,11.875,32.7,66.14,2.34556709244995,20.2477568101111,2017
RWA,Rwanda,38.0,19.16659927,772.754982959354,269.0,5.45722818,10.759,32.2,66.354,2.31630729613291,21.5418444579064,2018
RWA,Rwanda,46.6,21.3579998,823.355304065304,261.0,4.91471481,11.236,31.7,66.691,2.28086099658628,22.9711026997362,2019
RWA,Rwanda,45.2,23.8,802.638686936204,252.0,5.79862261,11.829,31.3,66.953,2.24244883430144,24.5029761132966,2020
RWA,Rwanda,48.7,24.4416008,842.581492947672,254.0,6.23147202,15.775,30.9,66.85,2.1909353521865,26.1049092762833,2021
RWA,Rwanda,50.6,28.01679993,1007.05989322914,234.0,5.92842579,15.084,30.5,67.528,2.19046619232976,27.7806702737761,2022
RWA,Rwanda,63.9,28.80579948,1061.05788154076,229.0,5.12708998,12.352,30.1,67.785,2.1984982050137,28.8555310645477,2023
SDN,Sudan,23.0,0.0257850324762484,362.116882324219,645.0,3.60664487,15.595,70.5,58.946,2.49754561643296,32.3435880462815,2000
SDN,Sudan,29.4,0.140185224494161,451.293304443359,616.0,3.36456871,15.56,68.6,59.264,2.48541577821616,32.3760415318304,2001
SDN,Sudan,29.7,0.439477639075583,506.262634277344,588.0,3.30010891,15.514,66.7,59.308,2.46596917532427,32.4038820246832,2002
SDN,Sudan,29.9,0.538471703150458,580.320251464844,593.0,3.89187932,15.515,64.8,58.319,2.25738358789851,32.4271684741748,2003
SDN,Sudan,30.2,0.791561615446385,705.113342285156,536.0,4.15593481,15.538,67.8,56.773,2.18560495236388,32.4459598296403,2004
SDN,Sudan,30.5,,905.543640136719,506.0,4.09418154,15.545,66.4,57.226,2.28355924873297,32.4603150404146,2005
SDN,Sudan,30.8,,1132.474609375,485.0,4.88544321,15.542,59.7,60.4,2.30819636827177,32.4702930558327,2006
SDN,Sudan,31.1,8.66,1444.37219238281,445.0,5.66269159,15.534,58.2,61.442,2.38350034195252,32.4759528252296,2007
SDN,Sudan,20.0,,1527.58239746094,426.0,5.42313576,15.566,56.8,61.261,2.59050308685206,32.4816230749746,2008
SDN,Sudan,29.0,,1178.22180175781,382.0,6.39496326,13.0,55.5,62.676,2.77210926299041,32.5774622972843,2009
SDN,Sudan,36.0,,1305.63598632813,370.0,5.05810165,15.168,54.3,62.979,2.41578933319134,32.7174026591513,2010
SDN,Sudan,38.3,,1332.6572265625,357.0,5.61579561,17.44,53.1,63.181,2.0304098222439,32.9059760141986,2011
SDN,Sudan,40.7,,1019.22210693359,340.0,5.68827009,16.973,51.9,63.427,2.14168968629865,33.1425561614901,2012
SDN,Sudan,43.1,,1138.62780761719,327.0,6.96487474,16.273,50.8,63.443,2.30951835174238,33.4264777958103,2013
SDN,Sudan,44.9,,1275.43835449219,309.0,5.67619705,15.41,49.7,63.99,2.70863780408064,33.7624582408117,2014
SDN,Sudan,48.0,12.0,1292.37963867188,298.0,5.81112576,14.39,48.4,64.375,3.04689971719172,34.0914394628597,2015
SDN,Sudan,50.5,14.0999999446534,1033.21594238281,288.0,5.68438482,13.656,47.2,64.677,3.04008474256183,34.1881958841213,2016
SDN,Sudan,53.0,18.60000038,966.505676269531,277.0,5.91767406,13.0,45.9,65.146,3.46430091592296,34.2872225663509,2017
SDN,Sudan,55.3,,731.027465820313,268.0,4.46172857,12.347,44.6,65.501,3.48828675547566,34.382054222005,2018
SDN,Sudan,57.6,,709.975280761719,262.0,4.59967566,11.697,43.4,65.803,2.93537902352139,34.4727685824236,2019
SDN,Sudan,59.7,,577.795227050781,273.0,3.04323435,11.995,42.2,65.124,2.6882512565735,34.5594433789246,2020
SDN,Sudan,61.8,,712.122009277344,305.0,2.9669323,11.087,41.0,64.46,2.6941220236505,34.6421563427994,2021
SDN,Sudan,63.2,,1046.24084472656,263.0,3.79416442,7.53,39.8,65.695,2.70189520043666,34.7209852053086,2022
SDN,Sudan,66.0,,797.283447265625,256.0,2.85165739,,44.0,66.331,1.32652175747925,34.7960076976764,2023
SEN,Senegal,37.7,0.403967485868965,603.233162455158,581.0,3.55015373,2.638,74.0,57.615,2.41009917724256,40.6667555531967,2000
SEN,Senegal,38.9,0.983794058848003,637.213530563724,560.0,3.68148756,2.674,70.6,58.158,2.42496943712898,40.8763420163126,2001
SEN,Senegal,36.8,1.00645453672323,669.430447319209,531.0,3.95294404,2.82,66.4,58.912,2.44966153599012,41.1081471561292,2002
SEN,Senegal,41.9,2.10143642986685,817.888034221442,520.0,4.29703569,2.781,61.9,59.474,2.40684962152091,41.35893934855,2003
SEN,Senegal,36.8,4.38602398008563,918.102079522155,501.0,4.56856203,2.775,57.5,60.308,2.34632515714346,41.6248193895895,2004
SEN,Senegal,47.1,4.78668408310535,979.846101520171,488.0,3.67466521,2.679,53.5,60.98,2.33918136359556,41.9057599695838,2005
SEN,Senegal,49.9,5.61173865217952,1017.20196747987,462.0,3.76337624,2.755,50.1,61.801,2.32792929230269,42.2046413043069,2006
SEN,Senegal,48.1,6.889999866,1188.93877808175,457.0,3.41496587,2.8,47.3,62.653,2.32279384441662,42.524343609533,2007
SEN,Senegal,49.7,7.119999886,1398.79218010021,463.0,3.50687575,2.816,44.9,63.201,2.3395118470328,42.867747101036,2008
SEN,Senegal,53.5,7.5,1308.69404336205,441.0,3.841573,2.807,43.1,63.751,2.36561415953051,43.23773199459,2009
SEN,Senegal,56.5,8.0,1275.88357492357,436.0,4.02764368,2.795,41.5,64.221,2.38690195279185,43.6371785059692,2010
SEN,Senegal,56.5,9.800000191,1374.67591873844,415.0,4.21416712,2.853,40.3,64.799,2.52791519909846,44.0689668509475,2011
SEN,Senegal,56.5,10.80000019,1326.83798848379,405.0,4.26688004,3.896,39.3,65.229,2.67702425205872,44.5359772452989,2012
SEN,Senegal,57.0,13.10000038,1379.83196553924,385.0,4.38573599,5.012,38.5,65.638,2.96345954605318,45.0398750539456,2013
SEN,Senegal,61.0,17.70000076,1398.89137601382,373.0,4.38962269,5.849,37.8,66.001,3.16757470346908,45.6020905341588,2014
SEN,Senegal,60.5,21.70000076,1218.00613555438,357.0,4.37789631,6.757,37.3,66.451,3.07014792428801,46.2747669629858,2015
SEN,Senegal,64.5,25.66480064,1266.43957151587,345.0,4.25606871,4.455,36.8,66.724,2.97843134010735,47.0553579909929,2016
SEN,Senegal,61.7,29.64310074,1354.77007193387,325.0,4.16359377,4.078,36.3,67.059,2.88769908740551,47.9338349639053,2017
SEN,Senegal,66.0,35.29999924,1452.55612562445,305.0,4.43182087,3.453,35.7,67.379,2.8004569855314,48.9001692274485,2018
SEN,Senegal,70.4,43.37969971,1431.18128932159,286.0,4.49531031,2.863,34.8,67.668,2.71760793051867,49.9443321273477,2019
SEN,Senegal,64.3,53.30879974,1461.08720350553,252.0,5.15119171,3.432,33.7,67.496,2.63303572524896,51.0562950093282,2020
SEN,Senegal,68.0,55.04040146,1598.10676952274,263.0,4.44256258,3.436,32.5,66.868,2.53848919398481,52.2260292191155,2021
SEN,Senegal,67.9,56.82830048,1574.0281059306,228.0,4.0444808,2.837,31.2,67.788,2.46764281803509,53.4435061024348,2022
SEN,Senegal,74.2,59.18740082,1698.03387300843,237.0,4.32314825,2.784,30.0,68.683,2.38738348832592,54.6992276190794,2023
SLE,Sierra Leone,7.7,0.118254245682183,143.743743239644,1603.0,5.29086494,4.137,123.4,44.834,2.41540405213567,35.5327867241975,2000
SLE,Sierra Leone,8.5,0.160264445493032,358.315716051546,1518.0,5.22183514,4.235,120.8,45.448,5.90551884410875,35.763651295501,2001
SLE,Sierra Leone,9.2,0.176198956814076,388.995111216836,1492.0,5.55388832,3.909,118.2,46.174,5.76970115082171,36.0082791496616,2002
SLE,Sierra Leone,9.9,0.190173281668183,413.817607346927,1433.0,5.06219816,3.879,115.4,46.784,4.06499006251213,36.2690511597053,2003
SLE,Sierra Leone,16.8,0.203007680592588,417.749983329227,1366.0,5.23798943,3.42,112.4,47.485,3.38061570413438,36.5491283814755,2004
SLE,Sierra Leone,11.3,0.215399995,462.633324427945,1294.0,5.23005009,3.734,109.3,48.306,2.68947280362006,36.8485519672439,2005
SLE,Sierra Leone,12.2,0.227699995,580.26796974773,1168.0,5.29913139,3.89,105.9,49.547,2.2066693720303,37.1703805343647,2006
SLE,Sierra Leone,13.0,0.239800006,631.889926264998,1132.0,5.31662989,4.022,102.3,50.024,2.19611425557566,37.5122859420526,2007
SLE,Sierra Leone,12.1,0.25,705.359014080005,1093.0,5.60332584,4.132,98.6,50.693,2.49702214618885,37.8725951588418,2008
SLE,Sierra Leone,14.6,0.25999999,652.845806767943,1054.0,6.27075481,4.268,94.7,51.312,2.69336857329164,38.2496351532666,2009
SLE,Sierra Leone,11.5,0.579999983,685.039673490948,1018.0,5.64204741,4.34,90.8,51.927,2.72150859888002,38.6417328938613,2010
SLE,Sierra Leone,14.2,0.899999976,761.146365577281,967.0,6.60636759,4.388,87.0,52.594,2.60978263924562,39.0472153491602,2011
SLE,Sierra Leone,17.2,2.5,937.504428180231,915.0,5.92764187,4.378,83.4,53.159,2.53259491687101,39.4644094876975,2012
SLE,Sierra Leone,13.5,4.0,1117.47183075115,842.0,8.45845032,4.376,80.1,54.051,2.45725730456865,39.8916422780075,2013
SLE,Sierra Leone,18.8,6.057300091,1117.7586465721,821.0,15.11886978,4.678,77.8,54.281,2.38905832119365,40.3272406886245,2014
SLE,Sierra Leone,19.7,6.344399929,964.575980888989,730.0,12.3831234,4.483,76.9,55.454,2.31819402812025,40.7669565187099,2015
SLE,Sierra Leone,20.3,7.680099964,844.416411175476,633.0,10.05438519,4.182,71.3,56.937,2.35457342669593,41.229411538771,2016
SLE,Sierra Leone,23.4,9.297100067,779.186007841728,578.0,6.00532055,3.656,68.7,57.761,2.38578952940087,41.7106682105058,2017
SLE,Sierra Leone,26.1,14.42230034,845.914540460932,491.0,5.29927444,3.192,66.3,59.059,2.34731039123252,42.2011025267803,2018
SLE,Sierra Leone,22.7,15.71370029,843.71251730417,464.0,5.7052846,3.204,64.0,59.593,2.32146457882717,42.7018444914441,2019
SLE,Sierra Leone,26.3,17.12080002,845.277558236182,422.0,5.66489744,3.509,61.9,59.694,2.30847202655897,43.2129659123546,2020
SLE,Sierra Leone,27.5,18.65390015,885.396401613729,403.0,5.07244635,3.551,59.9,60.26,2.27463021517533,43.7345385973699,2021
SLE,Sierra Leone,29.4,21.50880051,860.371067874555,370.0,4.80377436,3.137,58.1,61.275,2.22598462352813,44.2666343543487,2022
SLE,Sierra Leone,35.5,23.71360016,758.329137301888,354.0,4.71883011,3.092,56.3,61.786,2.19524258771884,44.809324991151,2023
SSD,South Sudan,,,,1658.0,,12.309,118.2,47.591,4.41687038815206,16.0428540117317,2000
SSD,South Sudan,,,,1580.0,,12.278,113.6,48.55,4.47577583092792,16.2559618671544,2001
SSD,South Sudan,,,,1521.0,,12.235,109.0,49.394,4.47049405409342,16.447645411794,2002
SSD,South Sudan,,,,1199.0,,12.234,104.5,52.324,4.53889048481808,16.6154472307377,2003
SSD,South Sudan,,,,1150.0,,12.256,100.2,53.052,4.66850589649025,16.7569099090725,2004
SSD,South Sudan,,,,1074.0,,12.266,96.2,53.965,4.81908754947047,16.8695760318857,2005
SSD,South Sudan,,,,1005.0,,12.268,92.3,54.653,4.96525465188372,16.9509881842643,2006
SSD,South Sudan,0.8,,,933.0,,12.266,88.6,55.425,5.03930740277703,16.9986889512954,2007
SSD,South Sudan,1.3,,1654.21153546555,858.0,,12.298,85.0,56.28,4.98590020248472,17.0301141193955,2008
SSD,South Sudan,3.0,,1323.22068747862,823.0,,12.438,81.5,56.848,4.71716057220357,17.2937284639317,2009
SSD,South Sudan,1.5,,1498.27034985194,776.0,,12.473,78.2,57.485,5.29254618151503,17.535620199576,2010
SSD,South Sudan,2.8,,1448.98435006408,770.0,,12.585,75.3,57.674,5.41366403885379,17.7817678106789,2011
SSD,South Sudan,3.3,1.5,1109.26050083408,755.0,,12.803,73.2,58.241,4.44972889782953,18.0321885447664,2012
SSD,South Sudan,3.8,2.200000048,1650.18943353528,771.0,,12.665,72.2,58.285,3.74120236356755,18.2868996493633,2013
SSD,South Sudan,4.3,2.599999905,1242.73450181032,1216.0,,12.561,118.2,45.625,0.614232824755906,18.5459183719929,2014
SSD,South Sudan,4.8,3.0,1080.14718624765,1436.0,,12.464,151.3,39.757,-1.14143555707987,18.8092619601773,2015
SSD,South Sudan,5.3,3.5,,1629.0,,12.854,169.8,36.72,-2.52965683465808,19.0769476614377,2016
SSD,South Sudan,4.2,4.1,,1662.0,22.11322403,12.983,181.5,35.351,-5.41590990485178,19.3489927232944,2017
SSD,South Sudan,6.3,4.800000191,,913.0,11.69539356,12.853,92.9,51.905,-1.33625896422837,19.6254143932663,2018
SSD,South Sudan,6.8,6.671000004,,745.0,9.06570053,12.656,71.9,58.129,2.92439531185626,19.9062299188719,2019
SSD,South Sudan,7.3,,,729.0,9.35116673,14.246,71.9,57.648,2.60487164966918,20.1914565476286,2020
SSD,South Sudan,7.7,,,749.0,6.30117083,13.95,71.9,57.047,1.55179411079181,20.4811115270532,2021
SSD,South Sudan,8.4,,,704.0,6.57254314,12.475,71.9,57.203,1.42002025455897,20.7752121046616,2022
SSD,South Sudan,5.4,,,692.0,11.61002254,12.374,71.9,57.617,4.10816463205266,21.0737755279692,2023
STP,Sao Tome and Principe,52.9,4.6385168164075,529.089383412262,180.0,9.31892776,14.4,50.7,61.207,1.10033924534294,52.9663437052108,2000
STP,Sao Tome and Principe,51.5,6.31091788794615,518.88050130005,178.0,9.64001942,15.73,47.4,61.5,1.62335301537299,53.9612039920776,2001
STP,Sao Tome and Principe,52.5,7.580665168911,568.10257252271,179.0,9.49860477,17.63,44.1,61.826,2.39433369314868,55.0882710997103,2002
STP,Sao Tome and Principe,53.6,10.1618443069961,663.696211810494,178.0,11.46527386,16.36,40.9,62.158,2.56289213876339,56.4128470868097,2003
STP,Sao Tome and Principe,54.7,13.3228526892178,726.560882130444,177.0,10.7211771,16.12,37.8,62.56,2.49821189998236,57.8774845467458,2004
STP,Sao Tome and Principe,55.8,13.75949955,844.169181884274,181.0,10.35199738,16.47,34.9,62.434,2.46392543668319,59.4188016908917,2005
STP,Sao Tome and Principe,56.9,14.18200016,861.970707697664,177.0,7.10559654,16.65,32.1,63.041,2.44392306226435,60.9734167306206,2006
STP,Sao Tome and Principe,58.0,14.5904831987414,878.885791918745,174.0,7.00608587,16.021,29.6,63.336,2.42274880138795,62.4779478773056,2007
STP,Sao Tome and Principe,59.1,15.47999954,1081.8684584729,174.0,5.97009039,15.421,27.3,63.448,2.38327636004872,63.8690133423199,2008
STP,Sao Tome and Principe,56.9,16.40999985,1128.28046213305,172.0,5.75177002,15.136,25.2,63.669,2.30924305588459,65.0832313370367,2009
STP,Sao Tome and Principe,61.4,18.75,1045.20958234528,170.0,5.80827904,14.628,23.2,63.867,2.1960816383463,66.0572200728291,2010
STP,Sao Tome and Principe,62.6,20.16119957,1219.80189089671,164.0,5.65160036,14.229,21.3,64.122,2.09396113456698,66.7275977610702,2011
STP,Sao Tome and Principe,57.9,21.57239914,1210.7926479817,158.0,7.07299662,13.59,19.6,64.505,2.02092788368455,67.0335889448132,2012
STP,Sao Tome and Principe,65.0,23.0,1382.5757842916,150.0,8.94060898,12.476,18.1,64.93,1.93896614465408,67.1306686401367,2013
STP,Sao Tome and Principe,68.6,24.40999985,1489.67633417608,138.0,7.91452122,11.428,16.6,65.478,1.85635532189371,67.2606735229492,2014
STP,Sao Tome and Principe,67.3,25.81999969,1298.10946596396,128.0,6.53226852,10.591,15.2,66.023,1.77510214302047,67.3915710449219,2015
STP,Sao Tome and Principe,69.4,28.0,1434.87018050521,119.0,7.60211611,9.684,14.0,66.563,1.6823011731644,67.5218887329102,2016
STP,Sao Tome and Principe,74.3,32.61640167,1555.79477812888,110.0,7.46631384,8.808,12.9,67.074,1.59795344333085,67.6520004272461,2017
STP,Sao Tome and Principe,71.0,37.99380112,1825.59971753966,100.0,5.91960287,8.712,12.0,67.602,1.54237554431048,67.7828826904297,2018
STP,Sao Tome and Principe,75.1,44.25790024,1935.2931816596,95.0,5.48078823,8.835,11.3,68.043,1.51332392108067,67.9129943847656,2019
STP,Sao Tome and Principe,76.8,51.55469894,2167.22001796925,92.0,7.32044411,9.679,10.8,67.979,1.87691054092554,68.0436706542969,2020
STP,Sao Tome and Principe,78.5,54.94950104,2362.58827248102,98.0,7.85889721,9.563,10.3,68.026,2.06017354745306,68.1738967895508,2021
STP,Sao Tome and Principe,78.0,58.56779861,2389.73729784737,82.0,5.7744813,8.964,9.9,69.237,1.93819561963228,68.3720919798341,2022
STP,Sao Tome and Principe,81.3,58.70130157,2990.6606143535,75.0,5.77292156,9.032,9.5,69.718,1.99754660166419,68.6043921103568,2023
SWZ,Eswatini,20.4,0.926191777269401,1629.67038842815,361.0,4.60951757,24.547,71.7,47.627,1.02616676195214,22.8409330761997,2000
SWZ,Eswatini,26.9,1.28159005046719,1429.85630359447,307.0,5.13895369,25.24,72.6,46.344,0.922357932930459,22.7095619136459,2001
SWZ,Eswatini,25.9,1.81620380712642,1315.73634647994,331.0,5.52298307,25.771,73.1,45.38,0.793842610388924,22.5690884303038,2002
SWZ,Eswatini,28.7,2.43707385055863,2015.21743065251,392.0,6.37864399,26.259,73.7,44.632,0.682836011828583,22.4312316968119,2003
SWZ,Eswatini,31.4,3.22868507316111,2525.5640452625,451.0,6.81432486,26.716,73.2,43.906,0.603686468671865,22.3077107838089,2004
SWZ,Eswatini,34.2,3.697000027,2871.06877437449,529.0,7.37623358,27.221,72.2,43.958,0.544843998142576,22.2102447619336,2005
SWZ,Eswatini,35.2,3.69653878906882,2964.95865200682,511.0,7.82560062,27.693,63.0,44.563,0.500496085577333,22.1505527018245,2006
SWZ,Eswatini,39.8,4.1,3109.11097608864,647.0,7.93004131,28.24,63.7,45.16,0.576423998080883,22.139989967508,2007
SWZ,Eswatini,42.6,6.85,2946.8606613746,766.0,8.85792923,27.891,66.1,45.853,0.6748941459051,22.1692008829856,2008
SWZ,Eswatini,38.6,8.94,3189.79679956637,855.0,8.63292217,27.488,63.8,46.913,0.6410569310186,22.2343865624794,2009
SWZ,Eswatini,45.6,11.04,3922.74039390733,752.0,8.5912571,26.856,60.4,48.331,0.586161116007687,22.3330792067471,2010
SWZ,Eswatini,51.2,18.13,4225.06049411911,765.0,8.46997261,26.105,55.3,49.057,0.554659161024556,22.4634753665393,2011
SWZ,Eswatini,54.3,20.78179932,4224.54789174487,613.0,7.82047606,25.226,56.0,50.714,0.537986822820009,22.6237715926065,2012
SWZ,Eswatini,57.5,24.70000076,3949.94310039907,491.0,7.45703411,24.556,55.4,52.11,0.54369252057836,22.8121644356992,2013
SWZ,Eswatini,65.0,25.0,3771.07228381938,369.0,7.25596571,23.931,56.5,53.491,0.556770676458685,23.026850446568,2014
SWZ,Eswatini,64.1,25.64299965,3419.82276559528,283.0,7.05855274,23.431,54.1,54.941,0.57162769864017,23.2660261759632,2015
SWZ,Eswatini,63.4,28.56999969,3238.17611961364,213.0,6.82044792,22.718,51.3,56.228,0.584038792817515,23.5278881746356,2016
SWZ,Eswatini,73.5,35.33160019,3853.09956569679,151.0,6.98103714,24.543,51.1,57.574,0.752960394981198,23.8052004963161,2017
SWZ,Eswatini,74.0,39.38100052,3972.65450620357,133.0,7.31937742,26.471,47.7,58.707,0.922518621738631,24.0579295404227,2018
SWZ,Eswatini,77.0,43.93389893,3913.14577547336,96.0,8.40033817,28.222,47.6,59.85,0.931970814127083,24.3459549517751,2019
SWZ,Eswatini,80.0,49.01300049,3466.56936278145,102.0,7.0983777,32.978,47.3,59.862,1.0836305772053,24.6652798922192,2020
SWZ,Eswatini,82.9,53.99530029,3984.00229174306,219.0,7.40552139,34.153,46.2,58.228,1.15567266949473,25.0156180525173,2021
SWZ,Eswatini,82.3,57.34370041,3894.1620089869,112.0,7.2449131,36.472,45.9,63.028,1.01620740015869,25.396682918542,2022
SWZ,Eswatini,86.4,61.33330154,3755.52111232464,118.0,7.49763966,34.61,44.7,64.123,0.946270731993531,25.8081878500755,2023
TCD,Chad,3.1,0.03570707628555,163.121663683369,1208.0,4.20697546,0.796,101.7,47.937,3.45886279310456,21.6527690760484,2000
TCD,Chad,3.4,0.0459341343557353,194.32295331156,1204.0,4.08039331,0.792,99.9,48.306,3.3732389780589,21.6780982595188,2001
TCD,Chad,3.8,0.166069664674347,219.061391951349,1199.0,5.60251188,0.769,98.0,48.36,3.48319249588089,21.7007762031515,2002
TCD,Chad,4.1,0.320308555366775,289.087621122168,1170.0,4.24698305,0.725,96.2,48.609,3.9958067889148,21.7207031172239,2003
TCD,Chad,3.5,0.360920107034467,445.850767157087,1167.0,4.23982859,0.672,94.3,48.687,4.4546309402426,21.7377792120134,2004
TCD,Chad,4.8,0.399257700084004,838.092107712557,1189.0,3.73196912,0.663,92.4,48.86,4.03110110056051,21.7519046977973,2005
TCD,Chad,5.1,0.581045764229641,906.897260572747,1220.0,3.73417258,0.716,90.4,48.747,3.59763738193098,21.7629797848529,2006
TCD,Chad,5.5,0.847224520710968,980.483531485103,1240.0,3.47199655,0.839,88.3,49.21,3.44475544445336,21.7709046834576,2007
TCD,Chad,5.9,1.19,1166.36883453841,1264.0,3.16359782,0.922,86.2,49.503,3.49922011538019,21.7755796038887,2008
TCD,Chad,6.3,1.5,1035.63719694254,1285.0,3.36260128,0.943,84.1,49.828,3.57296976276489,21.7784396568755,2009
TCD,Chad,6.4,1.700000048,1141.80069268412,1284.0,3.08810997,0.911,82.0,50.107,3.46077094768596,21.8472378191095,2010
TCD,Chad,9.0,1.899999976,1308.1421872538,1264.0,2.85585785,0.92,79.9,50.426,3.53020185416521,21.9558736797638,2011
TCD,Chad,7.8,2.099999905,1354.34344701937,1245.0,2.67306423,0.886,77.8,50.765,3.51265481153462,22.1061904148178,2012
TCD,Chad,8.1,2.5,1304.88742971475,1216.0,2.95766044,0.955,75.9,51.051,3.5694788341769,22.2975929852391,2013
TCD,Chad,8.4,2.900000095,1278.78981422494,1198.0,3.29708338,0.984,74.0,51.141,3.56998697827762,22.5294513486009,2014
TCD,Chad,7.7,3.5,993.990730610869,1176.0,3.40253925,1.032,72.1,51.32,3.18336105662872,22.8011258828974,2015
TCD,Chad,9.2,5.800000191,861.831767630746,1133.0,3.70842481,1.091,70.2,51.603,3.13868697646131,23.1119734707179,2016
TCD,Chad,10.9,6.351900101,854.46120040098,1085.0,3.51023412,1.132,68.3,51.875,3.30639583736028,23.461349471105,2017
TCD,Chad,10.1,6.956299782,948.656629871231,1020.0,3.2893219,1.135,66.4,52.447,3.35956028710956,23.8486084924975,2018
TCD,Chad,8.4,7.618199825,893.336441643325,958.0,3.38471627,1.077,64.6,52.993,3.21991132048391,24.2731047386633,2019
TCD,Chad,10.9,8.343099594,866.947814890409,877.0,4.35215092,1.695,62.9,53.082,3.18197036099619,24.7341921795416,2020
TCD,Chad,11.3,9.653699875,946.358500208374,869.0,3.9722333,1.53,61.3,53.136,3.44423869357111,25.2312246423075,2021
TCD,Chad,11.7,11.17029953,966.036468278568,775.0,4.15823555,1.081,59.6,54.528,3.45668911084691,25.7635558629694,2022
TCD,Chad,12.0,12.03590012,949.991054236266,748.0,4.99707747,1.059,58.0,55.069,4.57399213394625,26.3305395171046,2023
TGO,Togo,17.0,0.8,440.420399069497,496.0,3.33427,4.162,70.8,54.587,2.49694541999729,33.0994844063309,2000
TGO,Togo,19.6,0.9,426.883605884489,478.0,3.4422195,4.108,68.8,54.757,2.48616573955035,33.5503635916513,2001
TGO,Togo,21.3,1.0,479.438373869587,447.0,3.44502354,4.087,66.7,55.044,2.47686827426846,34.0011370438307,2002
TGO,Togo,23.0,1.2,579.728195854724,431.0,3.44513917,3.957,64.8,55.312,2.49455979585183,34.4513989657696,2003
TGO,Togo,24.8,1.5,604.311329116751,431.0,3.48131895,3.992,62.9,55.608,2.43812237847062,34.9007435603688,2004
TGO,Togo,26.5,1.799999952,595.200212014134,434.0,3.98242044,4.149,61.1,55.931,2.465585096448,35.3487650305291,2005
TGO,Togo,27.9,2.0,596.249203137762,453.0,4.30967808,4.229,59.4,56.154,2.85028115220356,35.795057579151,2006
TGO,Togo,30.0,2.200000048,654.083697666439,448.0,3.67734432,3.822,57.7,56.395,3.15943065724402,36.2392154091353,2007
TGO,Togo,31.8,2.400000095,771.351190404751,457.0,3.74071932,3.279,56.1,56.663,3.21297180409526,36.6808327233827,2008
TGO,Togo,33.7,2.599999905,770.172869777254,471.0,3.92726755,2.847,54.5,56.94,3.22903074698961,37.1195037247939,2009
TGO,Togo,30.8,3.0,750.323421086121,497.0,4.33284378,2.379,53.0,57.24,3.12855507905751,37.5545882975638,2010
TGO,Togo,39.7,3.5,834.14671980279,501.0,4.38927078,1.982,51.4,57.624,2.72570995210441,37.9872305648732,2011
TGO,Togo,39.1,4.0,813.611525037432,506.0,4.64366484,2.029,49.8,57.953,2.32840848204104,38.4194359598204,2012
TGO,Togo,41.0,4.5,885.698522723929,500.0,4.78670263,2.084,48.3,58.356,2.15773898903495,38.8516767884103,2013
TGO,Togo,45.7,5.699999809,921.539748631461,490.0,4.90473413,2.141,46.8,58.776,2.02090495483301,39.2839506458368,2014
TGO,Togo,44.7,7.119999886,813.894676975085,470.0,6.24738503,2.204,45.4,59.23,1.91106686899123,39.7162551272934,2015
TGO,Togo,46.8,11.31000042,843.114204338675,460.0,6.58550072,2.968,44.0,59.677,1.81308919594096,40.1485878279739,2016
TGO,Togo,48.0,12.3602249692905,872.076408845752,443.0,6.50210476,3.744,42.6,60.145,1.70055326010166,40.5809463430719,2017
TGO,Togo,50.0,15.5,942.480774393154,435.0,6.16073656,2.9,41.4,60.608,1.81055738571426,41.013328267781,2018
TGO,Togo,52.5,20.72730064,917.718016777619,416.0,5.91268635,2.036,40.2,61.061,2.14516244090598,41.445731197295,2019
TGO,Togo,54.1,29.02370071,961.219781201934,398.0,6.18928432,2.231,39.1,61.14,2.18244940997049,41.8781527268075,2020
TGO,Togo,55.7,30.33839989,1076.29520076949,397.0,5.6165967,2.344,38.0,61.337,1.88405259258743,42.3105904515122,2021
TGO,Togo,57.2,35.60749817,1071.61539220759,362.0,6.24094057,1.965,37.0,62.292,1.65504210377245,42.7332327975627,2022
TGO,Togo,59.2,37.57020187,1182.32951436696,349.0,6.10829544,1.942,35.9,62.74,1.90565010531245,43.2496853032436,2023
TZA,Tanzania,8.7,0.11719444010825,401.698150634766,568.0,3.41529942,3.129,85.2,53.244,2.84152432501121,22.1944164040635,2000
TZA,Tanzania,9.7,0.171300350668948,396.638732910156,493.0,4.23551702,2.994,80.3,54.124,2.70152074754623,22.5963228653037,2001
TZA,Tanzania,10.7,0.222484413923909,402.649047851563,454.0,4.68907642,3.023,75.3,54.94,2.58850722069614,23.0306918214565,2002
TZA,Tanzania,11.1,0.676962856510303,422.18359375,397.0,5.34231472,3.053,70.6,55.929,2.64525638066994,23.5202087261949,2003
TZA,Tanzania,11.4,0.87757497099259,450.385284423828,365.0,5.7373414,3.105,66.3,56.836,2.71326096371365,24.0832469119457,2004
TZA,Tanzania,13.8,1.100000024,483.334869384766,350.0,6.32282543,3.193,62.3,57.675,2.77513941065557,24.7061884538741,2005
TZA,Tanzania,14.9,1.299999952,475.746734619141,366.0,7.598279,3.299,58.9,58.512,2.80055623798532,25.3741033202009,2006
TZA,Tanzania,15.9,1.6,543.198303222656,453.0,6.88427973,3.023,55.5,59.26,2.79133312179469,26.0720614791471,2007
TZA,Tanzania,11.5,1.899999976,675.977233886719,511.0,5.55704737,2.775,53.0,59.896,2.70285900109119,26.7851328989335,2008
TZA,Tanzania,11.2,2.400000095,693.823547363281,502.0,5.06306362,2.5,50.3,60.494,2.46693695085578,27.498387547781,2009
TZA,Tanzania,14.8,2.900000095,736.530151367188,486.0,5.22392178,3.03,48.3,61.127,2.54448522649017,28.1968953939105,2010
TZA,Tanzania,14.2,3.200000048,775.392761230469,475.0,5.0559845,3.47,46.4,61.618,2.79985031213535,28.865726405543,2011
TZA,Tanzania,15.3,3.950000048,861.969909667969,448.0,5.01779366,3.223,44.8,62.286,2.8799437394168,29.4878764597911,2012
TZA,Tanzania,16.4,4.400000095,963.05712890625,479.0,4.64643383,2.93,43.5,62.788,3.01455736724095,30.0725108782502,2013
TZA,Tanzania,23.5,7.0,1022.74841308594,454.0,4.01492071,2.125,42.1,63.364,3.08040316049107,30.6443077170742,2014
TZA,Tanzania,26.2,10.0,939.127319335938,433.0,3.64969945,2.009,40.8,63.928,3.26181042317192,31.2061566592472,2015
TZA,Tanzania,32.8,13.5042328468919,953.0107421875,396.0,3.96350336,1.931,39.3,64.404,3.40729531415315,31.7577303242916,2016
TZA,Tanzania,32.1,14.46339989,986.674011230469,345.0,4.02325726,1.854,37.5,64.963,3.3414302210835,32.2987013317296,2017
TZA,Tanzania,34.9,15.49069977,1023.10626220703,319.0,4.32775831,1.792,35.9,65.488,3.15572113764533,32.8287423010834,2018
TZA,Tanzania,37.7,16.59090042,1063.32250976563,292.0,4.02347755,1.735,34.5,66.007,2.98060939385811,33.3475258518752,2019
TZA,Tanzania,39.9,19.48139954,1117.41528320313,160.0,3.05028677,1.792,33.2,66.771,2.99305168844906,33.8547246036273,2020
TZA,Tanzania,42.7,22.87540054,1159.85656738281,162.0,3.46963334,1.876,32.1,66.131,3.00113934816488,34.3500111758619,2021
TZA,Tanzania,45.8,26.86059952,1207.52062988281,152.0,3.13497496,1.573,30.9,66.879,2.95046658393064,34.8234736377147,2022
TZA,Tanzania,48.3,28.43190002,1224.00219726563,276.0,3.05201221,1.565,29.7,66.995,2.90250073555304,35.4748019434954,2023
UGA,Uganda,7.4,0.163714063074854,258.050338731086,475.0,5.0827775,3.531,89.3,49.64,3.14418360294887,11.6414758125187,2000
UGA,Uganda,8.6,0.237945087191408,236.021188853993,440.0,5.05208397,3.522,85.5,50.576,3.05906863525199,11.9013889740088,2001
UGA,Uganda,7.8,0.384093504951945,241.984688408335,416.0,4.77136898,3.5,81.2,51.443,3.13158750187579,12.202793574555,2002
UGA,Uganda,10.5,0.464849840113968,250.71543664681,395.0,4.2991581,3.6,76.6,52.414,3.15822372497188,12.5904136719317,2003
UGA,Uganda,11.6,0.719970679914031,292.38185796262,384.0,4.70022202,2.699,71.9,53.699,2.99944519470383,13.1221118400615,2004
UGA,Uganda,8.9,1.742200017,330.405402707025,417.0,5.80516291,1.9,67.3,54.926,2.93492118829227,13.7907239496723,2005
UGA,Uganda,9.0,2.52940011,346.518255310647,409.0,6.463305,2.264,63.0,56.118,2.92745935131587,14.5851520274647,2006
UGA,Uganda,14.8,3.67196535074744,401.389130865581,345.0,6.11309004,2.667,58.9,57.248,2.94106654284048,15.494298100139,2007
UGA,Uganda,15.9,3.880000114,472.842681495852,324.0,5.45474958,3.035,55.3,58.253,2.9444861420196,16.5070641943955,2008
UGA,Uganda,10.0,4.099999905,798.947089938247,322.0,5.78845549,3.6,52.7,59.157,2.94129171098808,17.6123523369348,2009
UGA,Uganda,12.1,4.300000191,823.488144282,304.0,6.80890226,3.623,49.9,59.959,2.9438913354304,18.7990645544572,2010
UGA,Uganda,14.6,4.599999905,835.620060555838,295.0,6.6959095,3.523,47.0,60.791,2.93194913680129,20.0561028736631,2011
UGA,Uganda,20.5,4.800000191,795.222867553127,285.0,6.10853958,3.551,44.4,61.579,2.90422608403173,21.372369321253,2012
UGA,Uganda,13.9,5.099999905,818.285427416713,308.0,5.78252411,1.91,42.9,62.353,2.86955163863091,22.7367659239271,2013
UGA,Uganda,20.4,5.400000095,896.054795546394,311.0,5.33653069,2.357,41.6,63.057,2.95144499872136,24.1938503391826,2014
UGA,Uganda,18.5,5.699999809,862.934610355811,299.0,4.99643135,2.681,40.3,63.831,3.07329293941893,24.9777856560427,2015
UGA,Uganda,26.7,5.9,752.696571725656,272.0,5.01553297,3.002,39.1,64.494,3.32192491389275,25.6953567134098,2016
UGA,Uganda,32.4,7.417900085,765.218332297361,246.0,3.99852037,3.428,38.1,65.174,3.49059590870242,26.4139260579546,2017
UGA,Uganda,41.9,9.326299667,792.16570022814,232.0,4.02153397,3.249,37.3,65.775,3.39741097582772,27.1280475018884,2018
UGA,Uganda,41.3,11.72579956,822.171150036357,219.0,3.79341364,3.057,36.9,66.354,3.39132142318772,27.8369781799403,2019
UGA,Uganda,42.1,7.4,845.766463890124,209.0,5.23865509,3.819,36.6,66.41,3.33341751069644,28.5399752271502,2020
UGA,Uganda,45.2,10.0,882.791717542504,216.0,5.47374916,3.416,36.4,66.45,3.21773661761443,29.2362957789022,2021
UGA,Uganda,47.1,9.636899948,963.067314117178,184.0,4.45071125,2.885,36.5,67.675,3.00759449042677,29.9251969709665,2022
UGA,Uganda,51.5,9.286999702,1002.30913917142,170.0,4.23600149,2.754,36.2,68.252,2.80083228962433,30.6059359395495,2023
ZAF,South Africa,72.4,5.34855973203537,3217.84693448467,175.0,7.3366189,22.788,46.5,58.368,0.914659168313889,56.2589954883628,2000
ZAF,South Africa,70.2,6.34661931839768,2847.15191945908,192.0,7.12327909,22.652,47.2,57.161,0.859492168208101,57.0014339378269,2001
ZAF,South Africa,76.7,6.71032243705404,2688.23676032806,225.0,6.67774487,22.579,47.6,55.58,0.947036940076663,57.6723587528482,2002
ZAF,South Africa,78.8,7.00769172611251,4062.21755993786,245.0,7.04098177,22.679,48.3,54.245,0.996556488051653,58.3724341232066,2003
ZAF,South Africa,80.6,8.4251186825406,5221.46333731721,259.0,6.938416,22.567,48.7,53.963,1.00742279739678,59.0977390950102,2004
ZAF,South Africa,80.8,7.48854252992921,5836.87663325127,279.0,6.86216164,22.472,47.7,53.914,1.01260946155511,59.8241758378997,2005
ZAF,South Africa,80.7,7.60713967477381,6077.38293388876,283.0,6.87650871,22.304,46.0,54.22,1.02172490694402,60.5276465215157,2006
ZAF,South Africa,82.0,8.06537517355504,6591.85535960564,272.0,6.90510845,22.26,44.0,54.948,1.05506511201209,61.1840533154988,2007
ZAF,South Africa,81.9,8.43,6184.75474328399,272.0,7.14832258,22.407,41.0,55.982,1.15309551684298,61.7692983894896,2008
ZAF,South Africa,82.6,10.0,6374.70560042992,241.0,7.64941454,23.523,38.2,57.413,1.19390450655684,62.2592839131287,2009
ZAF,South Africa,82.8,24.0,7973.47195771517,226.0,7.79358244,24.683,36.0,58.886,1.1829095702162,62.6299120560569,2010
ZAF,South Africa,83.6,33.97,8646.05571071635,202.0,7.94434404,24.639,34.5,60.602,1.23631458705301,62.850627754452,2011
ZAF,South Africa,85.2,41.0,8076.97678479741,194.0,8.00428867,24.727,33.3,61.737,1.47479434391075,62.9616560303263,2012
ZAF,South Africa,85.2,46.5,7331.65467384919,180.0,8.10322285,24.561,32.1,62.388,1.65265199501405,63.0524024097034,2013
ZAF,South Africa,85.9,49.0,6856.73137092522,162.0,7.87136555,24.89,30.7,63.184,1.66144540694123,63.1352327065742,2014
ZAF,South Africa,85.3,51.91910172,6112.27382485974,150.0,8.05304241,25.149,29.3,64.053,2.00988840160514,63.2096349937231,2015
ZAF,South Africa,83.9,54.0,5651.20585165749,141.0,8.07959366,26.536,28.0,64.749,0.940521897823675,63.2750973439347,2016
ZAF,South Africa,84.4,56.16740036,6618.33508255701,134.0,7.97711372,27.035,26.8,65.422,0.653837462693277,63.3311078299936,2017
ZAF,South Africa,84.7,62.40000153,6914.1780318076,128.0,8.0819664,26.906,25.8,65.726,1.68236992028419,63.3771545246841,2018
ZAF,South Africa,85.0,69.69689941,6533.71121032856,119.0,8.24652863,28.468,25.1,66.071,1.64957495527878,63.4127255007908,2019
ZAF,South Africa,90.0,72.1128006,5580.60383075189,118.0,9.02174091,29.217,24.5,65.15,1.62216431400652,63.4373088310982,2020
ZAF,South Africa,89.3,74.96859741,6828.75624590017,191.0,8.6645031,34.007,24.3,62.01,1.54055743832642,63.4503925883909,2021
ZAF,South Africa,86.5,78.29319763,6534.24867783397,129.0,8.74512291,33.268,24.3,65.454,1.41397227960081,63.4766699210327,2022
ZAF,South Africa,87.7,78.33670044,6034.27208964673,118.0,8.90966797,32.098,24.3,66.139,1.32810094082844,63.5823705163545,2023
ZMB,Zambia,16.7,0.191071642503428,359.429500988221,340.0,4.12029076,12.93,89.3,46.577,2.8105009556372,35.8735460960387,2000
ZMB,Zambia,20.2,0.233129556342332,396.548952993504,306.0,4.77853632,13.404,84.6,47.408,3.02394158044151,35.8846482932758,2001
ZMB,Zambia,17.4,0.477750906947484,393.864625518616,274.0,5.88845205,14.131,78.7,48.461,3.07812350873629,36.0706035730014,2002
ZMB,Zambia,18.5,0.980483039426114,446.290104839041,250.0,5.99553585,14.704,72.3,49.616,3.10355045228564,36.3858560115875,2003
ZMB,Zambia,20.3,1.1,548.685974566277,260.0,5.46587515,15.332,65.8,50.54,3.17745831747123,36.8035881130253,2004
ZMB,Zambia,23.3,1.299999952,710.982068171696,264.0,6.33088684,15.9,60.2,51.615,3.30186320062968,37.2969823813059,2005
ZMB,Zambia,24.1,1.600000024,1051.71714895686,262.0,5.5774231,13.229,56.4,52.693,3.44488603404196,37.8392213204204,2006
ZMB,Zambia,18.5,1.899999976,1118.73162626953,324.0,4.55994081,10.559,54.3,53.73,3.52770643018252,38.4034874343601,2007
ZMB,Zambia,25.7,2.200000048,1375.50211006997,394.0,4.49370766,7.93,52.1,54.835,3.56663855229215,38.9629632271162,2008
ZMB,Zambia,26.6,2.5,1136.24168316848,406.0,5.22568512,10.583,50.2,55.886,3.53891846603377,39.4908312026796,2009
ZMB,Zambia,22.0,3.0,1451.10616017155,332.0,4.13426876,13.19,48.6,56.896,3.46192274224024,39.9558857709992,2010
ZMB,Zambia,28.3,3.5,1624.86817763443,291.0,3.95913363,10.548,47.4,57.843,3.32527568350911,40.3684491825881,2011
ZMB,Zambia,29.2,4.099999905,1710.05061343728,256.0,4.04541731,7.85,46.1,58.704,3.24260026203654,40.7698556821596,2012
ZMB,Zambia,30.1,4.8,1820.71854827391,213.0,4.57390451,7.272,44.5,59.445,3.20268845716982,41.1682266235825,2013
ZMB,Zambia,27.9,6.5,1707.48573136694,174.0,3.82924223,6.576,43.0,60.109,3.17220342906789,41.5634741658525,2014
ZMB,Zambia,31.1,8.8,1295.87788680068,154.0,4.42974281,5.951,42.4,60.728,3.12013727876838,41.9555104679652,2015
ZMB,Zambia,35.4,10.30000019,1239.08527877713,158.0,4.46923161,5.244,40.6,61.129,3.09409054089327,42.3442476889162,2016
ZMB,Zambia,40.3,12.19999981,1483.46577328065,141.0,4.78156233,4.529,38.8,61.564,3.06754137743233,42.7295979877011,2017
ZMB,Zambia,40.2,14.2999970950012,1463.89997855593,117.0,4.76996708,5.032,37.7,62.138,3.0060186177754,43.1114735233156,2018
ZMB,Zambia,43.0,14.47189999,1258.98619844462,103.0,6.75330257,5.538,36.1,62.914,2.96162166175699,43.4897864547552,2019
ZMB,Zambia,44.6,14.64579964,951.644316655957,99.0,6.3067441,6.032,35.7,63.361,2.9041649369132,43.8644489410157,2020
ZMB,Zambia,46.7,14.82190037,1127.16077872857,140.0,6.63951397,5.197,35.6,62.363,2.81534240626742,44.2353731410926,2021
ZMB,Zambia,47.8,15.0,1447.12310138035,89.0,5.21042967,5.993,35.4,65.279,2.76365042984169,44.5988511178469,2022
ZMB,Zambia,51.1,16.45070076,1330.72780576709,85.0,5.97841072,5.861,35.0,66.349,2.79406758723844,45.0285853521585,2023
ZWE,Zimbabwe,33.7,0.401433535211582,562.833757496076,405.0,,5.685,58.3,46.034,0.917384654947152,32.3991568853313,2000
ZWE,Zimbabwe,34.2,0.799846045633137,566.388746448872,467.0,,5.313,58.3,44.525,0.669179057812887,32.4999278382836,2001
ZWE,Zimbabwe,34.2,1.1,524.936478570323,418.0,,5.005,58.7,45.938,0.962219774230462,32.5631884166934,2002
ZWE,Zimbabwe,35.1,1.8,468.471932927213,455.0,,4.738,59.5,45.373,1.18973560223894,32.6003372313948,2003
ZWE,Zimbabwe,35.6,2.1,469.719298949304,451.0,,4.39,61.7,46.043,1.08604865181957,32.6278168233873,2004
ZWE,Zimbabwe,36.1,2.400000095,461.271387547912,454.0,,4.632,64.5,46.57,0.945996419158278,32.6482709722903,2005
ZWE,Zimbabwe,37.2,2.400000095,431.034994414964,480.0,,4.767,65.9,47.056,1.21827740248004,32.6640794641194,2006
ZWE,Zimbabwe,37.2,3.0,413.521244592925,519.0,,5.008,68.8,47.576,1.3177052771271,32.67762208489,2007
ZWE,Zimbabwe,37.7,3.5,340.917447588572,526.0,,5.401,69.8,48.456,1.20398732561507,32.6912786206175,2008
ZWE,Zimbabwe,43.4,4.0,735.821693871697,540.0,,5.476,69.8,49.75,1.40712940970909,32.7074288573175,2009
ZWE,Zimbabwe,38.9,6.400000095,902.010759067388,567.0,10.47575283,5.469,67.4,51.925,1.61334322032425,32.7284525810054,2010
ZWE,Zimbabwe,36.9,8.399999619,1037.77565157218,564.0,8.081707,5.368,64.2,53.911,1.7726514046574,32.7567295776968,2011
ZWE,Zimbabwe,44.0,12.0,1239.22709745709,558.0,6.91838741,5.057,58.8,55.386,1.62306467591426,32.7931752128328,2012
ZWE,Zimbabwe,40.6,15.5,1362.99498323368,525.0,7.11022186,4.948,56.6,56.842,1.40792169753746,32.9019343169941,2013
ZWE,Zimbabwe,32.3,16.3647399572904,1372.91526173161,468.0,8.1335125,4.774,54.7,58.106,1.37169405347957,33.1628075970801,2014
ZWE,Zimbabwe,33.7,22.74279976,1387.12632595026,428.0,7.45204067,5.399,54.7,58.989,1.3399592762046,33.5612641766874,2015
ZWE,Zimbabwe,42.5,23.12000084,1408.13945253431,411.0,7.25845575,5.896,54.3,59.76,1.38820029316449,34.0799460726314,2016
ZWE,Zimbabwe,44.0,24.39999962,3445.44941020134,389.0,6.17448902,6.35,54.2,60.263,1.44285382068925,34.7014953017273,2017
ZWE,Zimbabwe,45.4,25.0,2270.89531874302,386.0,4.67327976,6.788,54.4,60.906,1.48741637841697,35.4085538807905,2018
ZWE,Zimbabwe,46.7,26.5883007,2184.52155388801,388.0,3.23268151,7.373,55.8,61.06,1.56353351552455,36.1837638266364,2019
ZWE,Zimbabwe,52.7,29.29856532,2059.63704025274,380.0,2.95440102,8.617,57.8,61.53,1.65935280874134,37.0097671560802,2020
ZWE,Zimbabwe,49.0,32.5923996,2613.6167414057,446.0,2.67111874,9.54,59.8,60.135,1.72601114303872,37.8692058859373,2021
ZWE,Zimbabwe,50.1,36.25650024,2536.40197087505,368.0,3.39519501,10.087,61.6,62.36,1.7062092862652,38.7055207169041,2022
ZWE,Zimbabwe,62.0,38.67480087,2195.22502010174,358.0,2.92601609,9.348,62.2,62.775,1.67709591394986,39.2919370795795,2023
